Date,DAX,SPGTCLNT,FTMIB,CAC40,AEX,STOXX
1/31/2024,16903.76,1190.37,30744.24,7656.75,818.21,485.67
1/30/2024,16972.34,1185.53,30623.27,7677.47,820.64,485.63
1/29/2024,16941.71,1198.5,30233.61,7640.81,819.91,484.84
1/28/2024,,,,,,
1/27/2024,,,,,,
1/26/2024,16961.39,1188.55,30379.33,7634.14,817.74,483.84
1/25/2024,16906.92,1194.79,30157.8,7464.2,814.87,478.53
1/24/2024,16889.92,1195.24,30338.35,7455.64,806.93,477.09
1/23/2024,16627.09,1198.54,30077.46,7388.04,787.77,471.53
1/22/2024,16683.36,1183.68,30182.32,7413.25,785.6,472.86
1/21/2024,,,,,,
1/20/2024,,,,,,
1/19/2024,16555.13,1171.55,30283.61,7371.64,778.89,469.24
1/18/2024,16567.35,1175.87,30350.53,7401.35,778.17,470.45
1/17/2024,16431.69,1173.03,30098.86,7318.69,771.43,467.71
1/16/2024,16571.68,1209.3,30337.62,7398,778.54,473.06
1/15/2024,16622.22,1244.8,30327.72,7411.68,779.49,474.19
1/14/2024,,,,,,
1/13/2024,,,,,,
1/12/2024,16704.56,1246.91,30470.55,7465.14,781.86,476.76
1/11/2024,16547.03,1253.51,30249.16,7387.62,774.54,472.77
1/10/2024,16689.81,1271.03,30450.78,7426.08,775.02,476.42
1/9/2024,16688.36,1272.71,30408.78,7426.62,777.58,477.26
1/8/2024,16716.47,1273.25,30569.92,7450.24,779.09,478.18
1/7/2024,,,,,,
1/6/2024,,,,,,
1/5/2024,16594.21,1271.38,30440.95,7420.69,778.7,476.38
1/4/2024,16617.29,1274.63,30403.96,7450.63,780.31,477.68
1/3/2024,16538.39,1286.54,30100.84,7411.86,779.75,474.4
1/2/2024,16769.36,1320.71,30524.63,7530.86,783.11,478.51
1/1/2024,,1336.22,,,,
12/31/2023,,,,,,
12/30/2023,,,,,,
12/29/2023,16751.64,1335.42,30351.62,7543.18,786.82,479.02
12/28/2023,16701.55,1347.61,30331.17,7535.16,787.04,478.08
12/27/2023,16742.07,1334.25,30421.51,7571.82,786.84,478.62
12/26/2023,,1324.23,,,,
12/25/2023,,1312.73,,,,
12/24/2023,,,,,,
12/23/2023,,,,,,
12/22/2023,16706.18,1313.63,30353.29,7568.82,785.45,477.6
12/21/2023,16687.42,1308.87,30274.26,7571.4,789.88,476.94
12/20/2023,16733.05,1280.48,30361.21,7583.43,793.69,477.94
12/19/2023,16744.41,1306.74,30363.53,7574.67,792.48,477.04
12/18/2023,16650.55,1277.98,30241.02,7568.86,789.15,475.32
12/17/2023,,,,,,
12/16/2023,,,,,,
12/15/2023,16751.44,1296.39,30373.89,7596.91,793.13,476.61
12/14/2023,16752.23,1283.25,30359.06,7575.85,789.91,476.57
12/13/2023,16766.05,1210.03,30295.69,7531.22,787.02,472.46
12/12/2023,16791.74,1177.04,30342.15,7543.55,786.13,472.72
12/11/2023,16794.43,1195.9,30426.58,7551.53,786.45,473.7
12/10/2023,,,,,,
12/9/2023,,,,,,
12/8/2023,16759.22,1198.88,30403.9,7526.55,781.85,472.26
12/7/2023,16628.99,1207.07,30121.77,7428.52,776.34,468.78
12/6/2023,16656.44,1210.43,30326.29,7435.99,776.18,470.06
12/5/2023,16533.11,1220,30082.88,7386.99,774.07,467.62
12/4/2023,16404.76,1228.44,29914.09,7332.59,770.61,465.78
12/3/2023,,,,,,
12/2/2023,,,,,,
12/1/2023,16397.52,1225.79,29928.45,7346.15,771.37,466.2
11/30/2023,16215.43,1205.74,29737.38,7310.77,765.04,461.61
11/29/2023,16166.45,1193.31,29688.45,7267.64,761.99,459.1
11/28/2023,15992.67,1180.51,29376.74,7250.13,761.37,457.04
11/27/2023,15966.37,1170.17,29342.29,7265.49,764.22,458.41
11/26/2023,0,,,,,
11/25/2023,0,,,,,
11/24/2023,16029.49,1174.76,29432.3,7292.8,765.66,459.98
11/23/2023,15994.73,1184.31,29235.71,7277.93,762.32,458.47
11/22/2023,15957.82,1182.93,29154.91,7260.73,760.04,457.24
11/21/2023,15900.53,1188.1,29153.42,7229.45,758.56,455.85
11/20/2023,15901.33,1203.58,29541.9,7246.93,759.47,456.26
11/19/2023,,,,,,
11/18/2023,,,,,,
11/17/2023,15919.16,1185.27,29498.43,7233.91,758.59,455.82
11/16/2023,15786.61,1181.34,29258.1,7168.4,753.91,451.27
11/15/2023,15748.17,1187.91,29466.93,7209.61,762.82,454.52
11/14/2023,15614.43,1168.48,29344.43,7185.68,758.15,452.6
11/13/2023,15345,1100.8,28925.26,7087.06,753.41,446.62
11/12/2023,,,,,,
11/11/2023,,,,,,
11/10/2023,15234.39,1100.99,28504.43,7045.04,746.31,443.31
11/9/2023,15352.54,1118.33,28644.09,7113.66,749.16,447.8
11/8/2023,15229.6,1122.83,28433.33,7034.16,734.64,444.07
11/7/2023,15152.64,1138.19,28395.9,6986.23,735.74,442.81
11/6/2023,15135.97,1148.46,28592.6,7013.73,735.34,443.52
11/5/2023,,,,,,
11/4/2023,,,,,,
11/3/2023,15189.25,1153.55,28674.83,7047.5,736.31,444.24
11/2/2023,15143.6,1121.7,28479.39,7060.69,736.03,443.47
11/1/2023,14923.27,1088.34,27985.44,6932.63,722.23,436.57
10/31/2023,14810.34,1101.9,27741.91,6885.65,718.6,433.66
10/30/2023,14716.54,1092.41,27339.91,6825.07,714.05,431.12
10/29/2023,,,,,,
10/28/2023,,,,,,
10/27/2023,14687.41,1102.02,27287.45,6795.38,714.25,429.58
10/26/2023,14731.05,1129.94,27507.9,6888.96,719.3,433.2
10/25/2023,14892.18,1123.17,27428.6,6915.07,722.24,435.27
10/24/2023,14879.94,1141.51,27572.74,6893.65,721.73,435.09
10/23/2023,14800.72,1128.46,27558.78,6850.47,719.18,433.18
10/22/2023,,,,,,
10/21/2023,,,,,,
10/20/2023,14798.47,1132.37,27357,6816.22,716.24,433.73
10/19/2023,15045.23,1166.97,27746.82,6921.37,727.61,439.73
10/18/2023,15094.91,1185.84,28135.79,6965.99,729.57,445.02
10/17/2023,15251.69,1213.63,28367.36,7029.7,736.77,449.76
10/16/2023,15237.99,1200.59,28391.6,7022.19,735.39,450.2
10/15/2023,,,,,,
10/14/2023,,,,,,
10/13/2023,15186.66,1192.26,28237.02,7003.53,733.9,449.18
10/12/2023,15425.03,1208.78,28493.35,7104.53,741.52,453.63
10/11/2023,15460.01,1227.51,28419.06,7131.21,737.78,453.16
10/10/2023,15423.52,1213.04,28318.22,7162.43,738.89,452.48
10/9/2023,15128.11,1169.66,27682.06,7021.4,726,443.79
10/8/2023,,,,,,
10/7/2023,,,,,,
10/6/2023,15229.77,1170.29,27810.61,7060.15,726.7,444.93
10/5/2023,15070.22,1159.21,27490.81,6998.25,721.75,441.31
10/4/2023,15099.92,1167.41,27435.59,6996.73,720.86,440.08
10/3/2023,15085.21,1165.65,27482.21,6997.05,719.67,440.7
10/2/2023,15247.21,1198.95,27849.65,7035.07,724.18,445.59
10/1/2023,,,,,,
9/30/2023,,,,,,
9/29/2023,15386.58,1242.88,28243.26,7135.06,728.79,450.22
9/28/2023,15323.5,1239.93,28163.03,7116.24,725.99,448.5
9/27/2023,15217.45,1241.01,28012.3,7071.79,721.74,446.91
9/26/2023,15255.87,1249.1,28098.88,7074.02,721.43,447.7
9/25/2023,15405.49,1269.11,28382.19,7123.88,726.64,450.44
9/24/2023,,,,,,
9/23/2023,,,,,,
9/22/2023,15557.29,1283.31,28575.9,7184.82,730.09,453.26
9/21/2023,15571.86,1294.05,28708.55,7213.9,731.72,454.67
9/20/2023,15781.59,1319.98,29229.3,7330.79,738.32,460.66
9/19/2023,15664.48,1314.86,28757.63,7282.12,734.93,456.52
9/18/2023,15727.12,1309.68,28585.86,7276.14,735.85,456.72
9/17/2023,,,,,,
9/16/2023,,,,,,
9/15/2023,15893.53,1329.6,28895.39,7378.82,741.51,461.93
9/14/2023,15805.29,1342.2,28872.73,7308.67,744.46,460.86
9/13/2023,15654.03,1313.36,28481.77,7222.57,734.93,453.94
9/12/2023,15715.53,1321.83,28584.58,7252.88,736.69,455.4
9/11/2023,15800.99,1314.87,28525.1,7278.27,738.89,456.21
9/10/2023,,,,,,
9/9/2023,,,,,,
9/8/2023,15744.75,1311.26,28233.2,7240.77,739.09,454.66
9/7/2023,15718.66,1311.19,28155.58,7196.1,739.71,453.67
9/6/2023,15741.37,1320.72,28211.46,7194.09,745.43,454.3
9/5/2023,15771.71,1341.62,28652.18,7254.72,747.11,456.9
9/4/2023,15824.85,1359.63,28647.33,7279.51,747.43,457.96
9/3/2023,,,,,,
9/2/2023,,,,,,
9/1/2023,15840.34,1363.98,28650.49,7296.77,746.05,458.13
8/31/2023,15947.08,1363.79,28831.52,7316.7,743.62,458.19
8/30/2023,15891.93,1371.67,28916.7,7364.4,745.43,459.13
8/29/2023,15930.88,1394.35,28889.76,7373.43,745.89,459.83
8/28/2023,15792.61,1364.55,28544.56,7324.71,741.76,455.41
8/27/2023,,,,,,
8/26/2023,,,,,,
8/25/2023,15631.82,1356.01,28208.45,7229.6,733.37,451.39
8/24/2023,15621.49,1350.93,28072.12,7214.46,733.99,451.57
8/23/2023,15728.41,1364.3,28233.8,7246.62,740.73,453.45
8/22/2023,15705.62,1347.68,28164.99,7240.88,738.21,451.7
8/21/2023,15603.28,1349.66,27986.92,7198.06,733.59,448.66
8/20/2023,,,,,,
8/19/2023,,,,,,
8/18/2023,15574.26,1355.02,27761.98,7164.11,735.04,448.44
8/17/2023,15676.9,1357.4,27879.35,7191.74,737.63,451.19
8/16/2023,15789.45,1376.48,28169.96,7260.25,756.85,455.29
8/15/2023,15767.28,1392.74,,7267.7,759.28,455.57
8/14/2023,15904.25,1428.76,28435.49,7348.84,766.21,459.86
8/13/2023,,,,,,
8/12/2023,,,,,,
8/11/2023,15832.17,1432.23,28274.74,7340.19,765.16,459.17
8/10/2023,15996.52,1443.74,28575.05,7433.62,777.79,464.23
8/9/2023,15852.58,1455.91,28308.09,7322.04,770.22,460.58
8/8/2023,15774.93,1439.93,27942.25,7269.47,767,458.6
8/7/2023,15950.76,1444.37,28547.61,7319.76,772.13,459.68
8/6/2023,,,,,,
8/5/2023,,,,,,
8/4/2023,15951.86,1455.94,28586.37,7315.07,772.71,459.28
8/3/2023,15893.38,1461.84,28702.74,7260.53,770.07,457.93
8/2/2023,16020.02,1469.7,28974.54,7312.84,775.03,460.84
8/1/2023,16240.4,1532.45,29356.16,7406.08,786.14,467.16
7/31/2023,16446.83,1550.97,29644.71,7497.78,792,471.35
7/30/2023,,,,,,
7/29/2023,,,,,,
7/28/2023,16469.75,1541.78,29500.2,7476.47,794.27,470.78
7/27/2023,16406.03,1550.65,29597.81,7465.24,792.06,471.74
7/26/2023,16131.46,1578.88,28980.45,7315.07,775.46,465.46
7/25/2023,16211.59,1590.66,28966.41,7415.45,779.81,467.92
7/24/2023,16190.95,1588.38,28908.42,7427.31,771.55,465.68
7/23/2023,,,,,,
7/22/2023,,,,,,
7/21/2023,16177.22,1591.75,28855.09,7432.77,773.75,465.4
7/20/2023,16204.22,1592.93,28815.75,7384.91,769.62,463.93
7/19/2023,16108.93,1609.62,28712.31,7326.94,775.03,461.97
7/18/2023,16125.49,1604.08,28706.76,7319.18,774.48,460.76
7/17/2023,16068.65,1613.77,28608.54,7291.66,773.45,457.92
7/16/2023,,,,,,
7/15/2023,,,,,,
7/14/2023,16105.07,1583.17,28663.3,7374.54,778.93,460.83
7/13/2023,16141.03,1601.32,28774.77,7369.8,774.8,461.36
7/12/2023,16023,1577.63,28552.18,7333.01,768.14,458.54
7/11/2023,15790.34,1543.76,28061.59,7220.01,755.82,451.72
7/10/2023,15673.16,1536.94,27872,7143.69,755.76,448.47
7/9/2023,,,,,,
7/8/2023,,,,,,
7/7/2023,15603.4,1518.79,27778.32,7111.88,753.52,447.65
7/6/2023,15528.54,1503.26,27506.91,7082.29,753.34,447.22
7/5/2023,15937.58,1538.64,28220.18,7310.81,769.89,457.94
7/4/2023,16039.17,1560.96,28386.88,7369.93,778.72,461.3
7/3/2023,16081.04,1562.86,28446.9,7386.7,776.44,460.98
7/2/2023,,,,,,
7/1/2023,,,,,,
6/30/2023,16147.9,1556.65,28230.83,7400.06,773.94,461.93
6/29/2023,15946.72,1524.1,27928.44,7312.73,768.94,456.64
6/28/2023,15949,1528.41,27637.46,7286.32,767.77,456.05
6/27/2023,15846.86,1525.5,27401.09,7215.58,760.56,452.9
6/26/2023,15813.06,1513.11,27242.91,7184.35,757.5,452.68
6/25/2023,,,,,,
6/24/2023,,,,,,
6/23/2023,15829.94,1513.15,27209.66,7163.42,756.6,453.14
6/22/2023,15988.16,1537.34,27410.08,7203.28,759.17,454.7
6/21/2023,16023.13,1550.72,27609.37,7260.97,759.16,457.01
6/20/2023,16111.32,1563.5,27576.11,7294.17,763.09,459.32
6/19/2023,16201.2,1588.92,27754.18,7314.05,768.98,462.04
6/18/2023,,,,,,
6/17/2023,,,,,,
6/16/2023,16357.63,1594.89,27861.8,7388.65,772.72,466.8
6/15/2023,16290.12,1595.22,27731.78,7290.91,772.64,464.33
6/14/2023,16310.79,1579.49,27809.09,7328.53,771.41,464.94
6/13/2023,16230.68,1588.99,27566.03,7290.8,767.71,463.27
6/12/2023,16097.87,1584.97,27410.47,7250.35,760.34,460.73
6/11/2023,,,,,,
6/10/2023,,,,,,
6/9/2023,15949.84,1570.67,27162.02,7213.14,759.32,460.01
6/8/2023,15989.96,1574.46,27275.04,7222.15,760.94,460.7
6/7/2023,15960.56,1571.72,27055.5,7202.79,761.61,460.8
6/6/2023,15992.44,1573.07,27036.67,7209,762.22,461.68
6/5/2023,15963.89,1573.27,26856.85,7200.91,763.34,459.93
6/4/2023,,,,,,
6/3/2023,,,,,,
6/2/2023,16051.23,1578.26,27068.33,7270.69,764.92,462.15
6/1/2023,15853.66,1566.02,26575.69,7137.43,756.35,455.27
5/31/2023,15664.02,1545.03,26051.33,7098.7,748.86,451.76
5/30/2023,15908.91,1565.61,26575.76,7209.75,756.67,456.63
5/29/2023,15952.73,1554.68,26617.35,7303.81,764.1,460.87
5/28/2023,,,,,,
5/27/2023,,,,,,
5/26/2023,15983.97,1561.63,26713.4,7319.18,767.86,461.41
5/25/2023,15793.8,1565.75,26408,7229.27,755.21,456.18
5/24/2023,15842.13,1567.26,26524.54,7253.46,754.13,457.65
5/23/2023,16152.86,1578.01,27174.97,7378.71,765.98,466.1
5/22/2023,16223.99,1587.44,27310.7,7478.16,767.61,468.91
5/21/2023,,,,,,
5/20/2023,,,,,,
5/19/2023,16275.38,1569.88,27520.33,7491.96,767.1,468.85
5/18/2023,16163.36,1577.55,27235.65,7446.89,765.28,465.79
5/17/2023,15951.3,1593.17,27196.46,7399.44,758.28,463.98
5/16/2023,15897.93,1593.71,27198.87,7406.01,756.22,464.7
5/15/2023,15917.24,1620.43,27245.46,7418.21,756.18,466.67
5/14/2023,,,,,,
5/13/2023,,,,,,
5/12/2023,15913.82,1606.25,27347.32,7414.85,752.99,465.49
5/11/2023,15834.91,1560.4,27098.89,7381.78,751.12,463.62
5/10/2023,15896.23,1564.43,27264.77,7361.2,748.29,463.64
5/9/2023,15955.48,1555.56,27383.53,7397.17,748.38,465.41
5/8/2023,15952.83,1567.41,27426.23,7440.91,752.68,466.94
5/7/2023,,,,,,
5/6/2023,,,,,,
5/5/2023,15961.02,1565.08,27348.57,7432.93,750.48,465.31
5/4/2023,15734.24,1543.38,26670.29,7340.77,741.22,460.34
5/3/2023,15815.06,1536.85,26835.31,7403.83,744.24,462.51
5/2/2023,15726.94,1534.97,26630.09,7383.2,744.31,461.08
5/1/2023,,1563.03,,,,466.89
4/30/2023,,,,,,
4/29/2023,,,,,,
4/28/2023,15922.38,1576.62,27077.44,7491.5,758.49,466.64
4/27/2023,15800.45,1593.75,27158,7483.84,752.6,464.03
4/26/2023,15795.73,1572.2,27107.51,7466.66,749.6,463.21
4/25/2023,15872.13,1641.49,27253.48,7531.61,755.45,467.08
4/24/2023,15863.95,1665.94,27537.07,7573.86,762.49,468.97
4/23/2023,,,,,,
4/22/2023,,,,,,
4/21/2023,15881.66,1666.53,27745.81,7577,762.19,469
4/20/2023,15795.97,1662.71,27627.12,7538.71,761.1,467.43
4/19/2023,15895.2,1666.89,27933.61,7549.44,760.22,468.13
4/18/2023,15882.67,1675.32,27891.43,7533.63,763.15,468.62
4/17/2023,15789.53,1675.94,27700.21,7498.18,758.5,466.84
4/16/2023,,,,,,
4/15/2023,,,,,,
4/14/2023,15807.5,1650.25,27872.24,7519.61,761.4,466.91
4/13/2023,15729.46,1666.02,27626.61,7480.83,760.57,464.21
4/12/2023,15703.6,1640.37,27629.34,7396.94,759.54,462.38
4/11/2023,15655.17,1641.69,27525.51,7390.28,763.32,461.79
4/10/2023,,1628.14,,,,
4/9/2023,,,,,,
4/8/2023,,,,,,
4/7/2023,,1616.61,,,,458.94
4/6/2023,15597.89,1616.97,27213.86,7324.75,759.84,458.94
4/5/2023,15520.17,1618.13,26867.39,7316.3,755.76,456.59
4/4/2023,15603.47,1638.81,27026.56,7344.96,758.36,457.34
4/3/2023,15580.92,1644.69,27179.37,7345.96,758.41,457.72
4/2/2023,,,,,,
4/1/2023,,,,,,
3/31/2023,15628.84,1666.61,27113.95,7322.39,756.18,457.84
3/30/2023,15522.4,1640.44,27021.04,7263.37,752.46,454.84
3/29/2023,15328.78,1612.77,26739.01,7186.99,745.54,450.21
3/28/2023,15142.02,1582.7,26329.46,7088.34,733.81,444.45
3/27/2023,15127.68,1582.61,26206.67,7078.27,735.91,444.72
3/26/2023,,,,,,
3/25/2023,,,,,,
3/24/2023,14957.23,1578.84,25892.18,7015.1,731.81,440.11
3/23/2023,15210.39,1595.1,26482.21,7139.25,743.59,446.22
3/22/2023,15216.19,1578.5,26523.33,7131.12,741.8,447.16
3/21/2023,15195.34,1598.51,26554.33,7112.91,736.18,446.47
3/20/2023,14933.38,1563.7,25899.57,7013.14,729.05,440.6
3/19/2023,,,,,,
3/18/2023,,,,,,
3/17/2023,14768.2,1547.03,25494.54,6925.4,722.43,436.31
3/16/2023,14967.1,1591.01,25918.76,7025.72,727.06,441.64
3/15/2023,14735.26,1601.38,25565.84,6885.71,716.47,436.45
3/14/2023,15232.83,1636.39,26800.98,7141.57,737.52,449.56
3/13/2023,14959.47,1628.18,26183.54,7011.5,727.25,442.8
3/12/2023,,,,,,
3/11/2023,,,,,,
3/10/2023,15427.97,1621.89,27281.96,7220.67,743.03,453.76
3/9/2023,15633.21,1647.99,27710.53,7315.88,753.2,459.98
3/8/2023,15631.87,1665.54,27911.52,7324.76,753.35,460.99
3/7/2023,15559.53,1668.88,27761.57,7339.27,751.52,460.6
3/6/2023,15653.58,1680.97,27949.29,7373.21,759.83,464.18
3/5/2023,,,,,,
3/4/2023,,,,,,
3/3/2023,15578.39,1660.75,27825.08,7348.12,760.57,464.26
3/2/2023,15327.64,1631.15,27397.6,7284.22,755.17,460.02
3/1/2023,15305.02,1642.95,27315.08,7234.25,749.38,457.68
2/28/2023,15365.14,1622.77,27478.37,7267.93,752.93,461.11
2/27/2023,15381.43,1621.62,27444.31,7295.55,756.99,462.58
2/26/2023,,,,,,
2/25/2023,,,,,,
2/24/2023,15209.74,1596.63,26986.35,7187.27,746.41,457.7
2/23/2023,15475.69,1624.99,27277.62,7317.43,755.72,462.5
2/22/2023,15399.89,1623.29,27101.53,7299.26,756.63,462.22
2/21/2023,15397.62,1634.43,27409.34,7308.65,757.66,463.77
2/20/2023,15477.55,1658.34,27597.01,7335.61,762.63,464.64
2/19/2023,,,,,,
2/18/2023,,,,,,
2/17/2023,15482,1652.18,27751.14,7347.72,765.04,464.3
2/16/2023,15533.64,1656.57,27853.74,7366.16,771.69,465.24
2/15/2023,15506.34,1692.52,27533.69,7300.86,769.73,464.36
2/14/2023,15380.56,1663.74,27498.26,7213.81,762.97,462.4
2/13/2023,15397.34,1672.68,27438.61,7208.59,762.64,462.03
2/12/2023,,,,,,
2/11/2023,,,,,,
2/10/2023,15307.98,1662.3,27268.17,7129.73,752.22,457.89
2/9/2023,15523.42,1669.69,27503.75,7188.36,757.05,462.31
2/8/2023,15412.05,1694.46,27160.73,7119.83,748.4,459.46
2/7/2023,15320.88,1700.87,27118.74,7132.35,753.09,458.19
2/6/2023,15345.91,1706.25,27022.33,7137.1,752.4,457.16
2/5/2023,,,,,,
2/4/2023,,,,,,
2/3/2023,15476.43,1722.85,26950.74,7233.94,763.86,460.77
2/2/2023,15509.19,1763.51,27100.62,7166.27,758.61,459.2
2/1/2023,15180.74,1762.58,26703.87,7077.11,747.68,453.09
1/31/2023,15128.27,1743.65,26599.74,7082.42,745.19,453.21
1/30/2023,15126.08,1708.11,26335.98,7082.01,744.83,454.4
1/29/2023,,,,,,
1/28/2023,,,,,,
1/27/2023,15150.03,1730.06,26435.75,7097.21,750.67,455.17
1/26/2023,15132.85,1734.11,26217.56,7095.99,747.21,453.98
1/25/2023,15081.64,1736.44,25875.3,7043.88,741.34,452.07
1/24/2023,15093.11,1752.54,25884.31,7050.48,746.4,453.38
1/23/2023,15102.95,1763.32,25821.45,7032.02,747.87,454.49
1/22/2023,,,,,,
1/21/2023,,,,,,
1/20/2023,15033.56,1733.81,25775.52,6995.99,738.64,452.12
1/19/2023,14920.36,1720.64,25596.28,6951.87,735.68,450.45
1/18/2023,15181.8,1792.63,26052.39,7083.39,749.12,457.53
1/17/2023,15187.07,1803.39,25981.19,7077.16,748.81,456.46
1/16/2023,15134.04,1795.02,25901.33,7043.31,748.35,454.63
1/15/2023,,,,,,
1/14/2023,,,,,,
1/13/2023,15086.52,1788.03,25783.48,7023.5,748.04,452.54
1/12/2023,15058.3,1786.35,25733.96,6975.68,741.9,450.22
1/11/2023,14947.91,1756.75,25546.86,6924.19,738.83,447.41
1/10/2023,14774.6,1707.59,25364.61,6869.14,733.03,445.71
1/9/2023,14792.83,1691.41,25385.09,6907.36,736.18,448.35
1/8/2023,,,,,,
1/7/2023,,,,,,
1/6/2023,14610.02,1670.64,25180.35,6860.95,724.26,444.42
1/5/2023,14436.31,1633.53,24832.7,6761.5,714.32,439.33
1/4/2023,14490.78,1664.68,24860.56,6776.43,717.51,440.19
1/3/2023,14181.67,1657.93,24436.47,6623.89,707.63,434.18
1/2/2023,14069.26,1675.96,24158.28,6594.57,701.16,428.95
1/1/2023,,,,,,
12/31/2022,,,,,,
12/30/2022,13923.59,1676.84,23706.96,6473.76,689.01,424.89
12/29/2022,14071.72,1677.6,24056.55,6573.47,701.01,430.35
12/28/2022,13925.6,1656.68,23770.44,6510.49,694.84,427.46
12/27/2022,13995.1,1665.2,23855.86,6550.66,701.06,428
12/26/2022,,1690.9,,,,
12/25/2022,,,,,,
12/24/2022,,,,,,
12/23/2022,13940.93,1690.08,23877.55,6504.9,701.06,427.45
12/22/2022,13914.07,1699.17,23813.3,6517.97,700.4,427.26
12/21/2022,14097.82,1724.7,24111.97,6580.24,709.58,431.44
12/20/2022,13884.66,1703,23718.25,6450.43,697.25,424.18
12/19/2022,13942.87,1709.13,23683.54,6473.29,700.71,425.87
12/18/2022,,,,,,
12/17/2022,,,,,,
12/16/2022,13893.07,1722.26,23688.16,6452.63,700,424.74
12/15/2022,13986.23,1758.42,23726.05,6522.77,707.6,429.91
12/14/2022,14460.2,1792.19,24573.93,6730.79,730.87,442.51
12/13/2022,14497.89,1769.17,24636.94,6744.98,732.95,442.6
12/12/2022,14306.63,1742.38,24303.68,6650.55,720.69,436.98
12/11/2022,,,,,,
12/10/2022,,,,,,
12/9/2022,14370.72,1738.46,24277.49,6677.64,724.17,439.13
12/8/2022,14264.56,1733.89,24207.42,6647.31,719.83,435.47
12/7/2022,14261.19,1725.52,24241.35,6660.59,718.34,436.2
12/6/2022,14343.19,1732.34,24265.45,6687.79,723.68,438.92
12/5/2022,14447.61,1774.9,24547.84,6696.96,727.09,441.47
12/4/2022,,,,,,
12/3/2022,,,,,,
12/2/2022,14529.39,1781.47,24621.72,6742.25,731.04,443.29
12/1/2022,14490.3,1767.3,24685.67,6753.97,731.74,443.96
11/30/2022,14397.04,1761.14,24610.29,6738.55,724.1,440.04
11/29/2022,14355.45,1711.38,24465.95,6668.97,717.74,437.29
11/28/2022,14383.36,1721.75,24440.88,6665.2,720.51,437.85
11/27/2022,,,,,,
11/26/2022,,,,,,
11/25/2022,14541.38,1757.03,24718.81,6712.48,722.93,440.73
11/24/2022,14539.56,1765.61,24730.89,6707.32,722.74,440.84
11/23/2022,14427.59,1747.45,24581.14,6679.09,721.45,438.82
11/22/2022,14422.35,1730.97,24590.5,6657.53,716.33,436.22
11/21/2022,14379.93,1710.15,24356.05,6634.45,710.38,433.06
11/20/2022,,,,,,
11/19/2022,,,,,,
11/18/2022,14431.86,1726.26,24675.18,6644.46,712.55,433.33
11/17/2022,14266.38,1720.7,24339.67,6576.12,708.38,428.38
11/16/2022,14234.03,1726.79,24531.27,6607.22,709.11,430.17
11/15/2022,14378.51,1740.62,24699.75,6641.66,716.43,434.44
11/14/2022,14313.3,1708.06,24596.69,6609.17,706.67,432.86
11/13/2022,,,,,,
11/12/2022,,,,,,
11/11/2022,14224.86,1720.27,24455.57,6594.62,702.91,432.26
11/10/2022,14146.09,1720.79,24394.28,6556.83,700.65,431.89
11/9/2022,13666.32,1631.77,23780.07,6430.57,677.26,420.34
11/8/2022,13688.75,1633.27,23694.17,6441.5,683.96,421.61
11/7/2022,13533.52,1597.44,23493,6416.61,676.06,418.34
11/6/2022,,,,,,
11/5/2022,,,,,,
11/4/2022,13459.85,1605.72,23282.46,6416.44,671.88,416.98
11/3/2022,13130.19,1599.52,22706.02,6243.28,661.18,409.55
11/2/2022,13256.74,1582.51,22802.97,6276.88,667.24,413.39
11/1/2022,13338.74,1595.04,22795.64,6328.25,673.32,414.61
10/31/2022,13253.74,1586.42,22652.11,6266.77,670.62,412.2
10/30/2022,,,,,,
10/29/2022,,,,,,
10/28/2022,13243.33,1583.57,22529.2,6273.05,667.52,410.76
10/27/2022,13211.23,1593.38,22590.41,6244.03,669.4,410.19
10/26/2022,13195.81,1579.26,22389.78,6276.31,665.63,410.31
10/25/2022,13052.96,1535.74,22289.85,6250.55,666.21,407.61
10/24/2022,12931.45,1497.5,21982.95,6131.36,653.54,401.84
10/23/2022,,,,,,
10/22/2022,,,,,,
10/21/2022,12730.9,1500.43,21567.55,6035.39,652.46,396.29
10/20/2022,12767.41,1489.65,21701.5,6086.9,652.04,398.77
10/19/2022,12741.41,1501.16,21472.11,6040.72,645.39,397.73
10/18/2022,12765.61,1542.53,21518.78,6067,642.48,399.84
10/17/2022,12649.03,1503.22,21319.73,6040.66,640.95,398.48
10/16/2022,,,,,,
10/15/2022,,,,,,
10/14/2022,12437.81,1485.47,20930.81,5931.92,630.58,391.31
10/13/2022,12355.58,1499.51,20785.82,5879.19,633.01,389.15
10/12/2022,12172.26,1496.53,20466.77,5818.47,631.18,385.88
10/11/2022,12220.25,1530.1,20730.5,5833.2,636.31,387.95
10/10/2022,12272.94,1547.55,20912.96,5840.55,641.21,390.12
10/9/2022,,,,,,
10/8/2022,,,,,,
10/7/2022,12273,1560.44,20901.56,5866.94,647.11,391.67
10/6/2022,12470.78,1601.54,21140.55,5936.42,661.38,396.35
10/5/2022,12517.18,1637.52,21360.72,5985.46,664.45,398.91
10/4/2022,12670.48,1703.84,21690.65,6039.69,669.59,403.03
10/3/2022,12209.48,1654.73,20972.57,5794.15,645.8,390.83
10/2/2022,,,,,,
10/1/2022,,,,,,
9/30/2022,12114.36,1613.57,20648.85,5762.34,640.62,387.85
9/29/2022,11975.55,1606.26,20352.98,5676.87,633.55,382.89
9/28/2022,12183.28,1666.97,20852.67,5765.01,641.09,389.41
9/27/2022,12139.68,1659.6,20961.38,5753.82,642.72,388.24
9/26/2022,12227.92,1649.9,21207.25,5769.39,640.41,388.75
9/25/2022,,,,,,
9/24/2022,,,,,,
9/23/2022,12284.19,1692.73,21066.55,5783.41,639.28,390.4
9/22/2022,12531.63,1737.42,21799.11,5918.5,657.4,399.76
9/21/2022,12767.15,1799.62,22035.81,6031.33,669.79,407.05
9/20/2022,12670.83,1808.74,21773.75,5979.47,661.61,403.42
9/19/2022,12803.24,1850.97,22140.73,6061.59,665.43,407.87
9/18/2022,,,,,,
9/17/2022,,,,,,
9/16/2022,12741.26,1861.33,22110.89,6077.3,664.83,408.24
9/15/2022,12956.66,1872.41,22365.82,6157.84,674.74,414.78
9/14/2022,13028,1918.25,22413.46,6222.41,680.86,417.51
9/13/2022,13188.95,1903.44,22303.86,6245.69,684.23,421.13
9/12/2022,13402.27,1940.53,22610.4,6333.59,696.87,427.75
9/11/2022,,,,,,
9/10/2022,,,,,,
9/9/2022,13088.21,1928.6,22094.56,6212.33,685.97,420.37
9/8/2022,12904.32,,21678.08,6125.9,674.4,414.09
9/7/2022,12915.97,1904.33,21489.36,6105.92,671.27,412.01
9/6/2022,12871.44,1826.07,21480.61,6104.61,675.27,414.38
9/5/2022,12760.78,1811.44,21480.19,6093.22,674.12,413.39
9/4/2022,,,,,,
9/3/2022,,,,,,
9/2/2022,13050.27,1816.51,21921.26,6167.51,678.57,415.97
9/1/2022,12630.23,1830.03,21302.16,6034.31,666.94,407.66
8/31/2022,12834.96,1869.98,21559.32,6125.1,680.31,415.12
8/30/2022,12961.14,1868.09,21825.22,6210.22,690.31,419.81
8/29/2022,12892.99,1879.46,21841.88,6222.28,698.33,422.65
8/28/2022,,,,,,
8/27/2022,,,,,,
8/26/2022,12971.47,1912.65,21895.25,6274.26,705.08,426.09
8/25/2022,13271.96,1940.9,22454.43,6381.56,718.25,433.36
8/24/2022,13220.06,1904.72,22431.47,6386.76,713.81,432.05
8/23/2022,13194.23,1873.21,22380.06,6362.02,710.87,431.35
8/22/2022,13230.57,1870.64,22165.66,6378.74,711.04,433.17
8/21/2022,,,,,,
8/20/2022,,,,,,
8/19/2022,13544.52,1902.46,22534.57,6495.83,719.52,437.36
8/18/2022,13697.41,1953.33,22985.7,6557.4,725.86,440.76
8/17/2022,13626.71,1948.78,22757.81,6528.32,723.09,439.03
8/16/2022,13910.12,1955.28,22997.83,6592.58,728.11,443.07
8/15/2022,13816.61,1982.04,,6569.95,728.88,442.35
8/14/2022,,,,,,
8/13/2022,,,,,,
8/12/2022,13795.85,1976.47,22970.73,6553.86,725.76,440.87
8/11/2022,13694.51,1962.2,22858.18,6544.67,725.79,440.16
8/10/2022,13700.93,1985.19,22702.44,6523.44,724.27,439.88
8/9/2022,13534.97,1900.83,22488.49,6490,716.93,435.98
8/8/2022,13687.69,1896.92,22727.94,6524.44,727.87,438.93
8/7/2022,,,,,,
8/6/2022,,,,,,
8/5/2022,13573.93,1887.1,22586.88,6472.35,722.74,435.72
8/4/2022,13662.68,1865.74,22645.84,6513.39,731.58,439.06
8/3/2022,13587.56,1829.48,22574.9,6472.06,734.53,438.29
8/2/2022,13449.2,1879.03,22351.02,6409.8,725.75,436.07
8/1/2022,13479.63,1860.53,22429.47,6436.86,728.18,437.46
7/31/2022,,,,,,
7/30/2022,,,,,,
7/29/2022,13484.05,1871.33,22405.48,6448.5,729.44,438.29
7/28/2022,13282.11,1827.38,21932.06,6339.21,722.38,432.77
7/27/2022,13166.38,1699.99,21480.7,6257.94,713.53,428.12
7/26/2022,13096.93,1640.79,21159.98,6211.45,706.26,426.13
7/25/2022,13210.32,1658.02,21382.71,6237.55,707.01,426.25
7/24/2022,,,,,,
7/23/2022,,,,,,
7/22/2022,13253.68,1646.43,21211.98,6216.82,705.04,425.71
7/21/2022,13246.64,1646.95,21196.59,6201.11,704.61,424.39
7/20/2022,13281.98,1656.94,21348.42,6184.66,694.41,422.51
7/19/2022,13308.41,1640.72,21696.2,6201.22,689.47,423.41
7/18/2022,12959.81,1622.42,21169.12,6091.91,681.1,417.63
7/17/2022,,,,,,
7/16/2022,,,,,,
7/15/2022,12864.72,1578.34,20933.26,6036,671.92,413.78
7/14/2022,12519.66,1605.65,20554.33,5915.41,659.71,406.5
7/13/2022,12756.32,1619.4,21286.33,6000.24,665.91,412.81
7/12/2022,12905.48,1609.3,21485.7,6044.2,670.68,417.04
7/11/2022,12832.44,1640.62,21567.7,5996.3,669.17,415.02
7/10/2022,,,,,,
7/9/2022,,,,,,
7/8/2022,13015.23,1678.92,21774.18,6033.13,674.22,417.12
7/7/2022,12843.22,1656.75,21558.07,6006.7,671.42,415.01
7/6/2022,12594.52,1592,20920.99,5912.38,656.71,407.34
7/5/2022,12401.2,1594.53,20705.06,5794.96,644.22,400.68
7/4/2022,12773.38,1612.45,21343.93,5954.65,659.61,409.31
7/3/2022,,,,,,
7/2/2022,,,,,,
7/1/2022,12813.03,1611.86,21354.65,5931.06,655.68,407.13
6/30/2022,12783.77,1591.8,21293.86,5922.86,659.23,407.2
6/29/2022,13003.35,1575.48,21833.5,6031.48,666.57,413.42
6/28/2022,13231.82,1619.6,22101.23,6086.02,669.01,416.19
6/27/2022,13186.07,1656.14,21928.81,6047.31,670.53,415.09
6/26/2022,,,,,,
6/25/2022,,,,,,
6/24/2022,13118.13,1628.84,22119.2,6073.35,660.32,412.93
6/23/2022,12912.59,1619.72,21615,5883.33,635.93,402.4
6/22/2022,13144.28,1594.97,21788.57,5916.63,641.87,405.74
6/21/2022,13292.4,1604.58,22089.41,5964.66,648.03,408.58
6/20/2022,13265.6,1576.81,22004.05,5920.09,641.43,407.14
6/19/2022,,,,,,
6/18/2022,,,,,,
6/17/2022,13126.26,1558.81,21788.87,5882.65,635.75,403.25
6/16/2022,13038.49,1510.07,21726.64,5886.24,638.34,402.88
6/15/2022,13485.29,1560.55,22473.56,6030.13,663.21,413.1
6/14/2022,13304.39,1530.42,21846.89,5949.84,652.87,407.32
6/13/2022,13427.03,1553.99,21918.04,6022.32,661.54,412.52
6/12/2022,,,,,,
6/11/2022,,,,,,
6/10/2022,13761.83,1649.33,22547.48,6187.23,681.97,422.71
6/9/2022,14198.8,1681.56,23776.97,6358.46,699.58,434.38
6/8/2022,14445.99,1721.62,24236.67,6448.63,710.99,440.37
6/7/2022,14556.62,1737.38,24366.19,6500.35,709.14,442.88
6/6/2022,14653.81,1727.63,24565.67,6548.78,711.82,444.12
6/5/2022,,,,,,
6/4/2022,,,,,,
6/3/2022,14460.09,1691.48,24166.66,6485.3,700.69,440.09
6/2/2022,14485.17,1697.75,24426.5,6500.44,703.44,441.23
6/1/2022,14340.47,1646.57,24283.56,6418.89,701.19,438.72
5/31/2022,14388.35,1665.7,24505.08,6468.8,712.88,443.35
5/30/2022,14575.98,1681.57,24808.65,6562.39,708.34,446.57
5/29/2022,,,,,,
5/28/2022,,,,,,
5/27/2022,14462.19,1669.91,24636.26,6515.75,702.28,443.93
5/26/2022,14231.29,1632.35,24546.5,6410.58,692.8,437.71
5/25/2022,14007.93,1598.4,24250.45,6298.64,684.11,434.31
5/24/2022,13919.75,1578.72,23876.08,6253.14,679.88,431.58
5/23/2022,14175.4,1600.4,24136.56,6358.74,694.02,436.54
5/22/2022,,,,,,
5/21/2022,,,,,,
5/20/2022,13981.91,1578.15,24095,6285.24,682.96,431.1
5/19/2022,13882.3,1567.93,24065.05,6272.71,678.35,427.99
5/18/2022,14007.76,1525.53,24085.82,6352.94,693.03,433.95
5/17/2022,14185.94,1517.63,24301.65,6430.19,702.58,438.97
5/16/2022,13964.38,1456.88,24033.05,6347.77,694.62,433.67
5/15/2022,,,,,,
5/14/2022,,,,,,
5/13/2022,14027.93,1465.93,24048.29,6362.68,694.13,433.48
5/12/2022,13739.64,1404.43,23566.23,6206.26,675.09,424.4
5/11/2022,13828.64,1426.66,23724.2,6269.73,682.7,427.59
5/10/2022,13534.74,1456.66,23069.78,6116.91,669.74,420.29
5/9/2022,13380.67,1462.46,22832.56,6086.02,666.17,417.46
5/8/2022,,,,,,
5/7/2022,,,,,,
5/6/2022,13674.29,1554.74,23475.72,6258.36,682.19,429.91
5/5/2022,13902.52,1602.69,23759.71,6368.4,696.19,438.26
5/4/2022,13970.82,1651.84,23902.06,6395.68,698.68,441.37
5/3/2022,14039.47,1599.55,24242.25,6476.18,705.95,446.2
5/2/2022,13939.07,1572.55,23857.23,6425.61,694.44,443.83
5/1/2022,,,,,,
4/30/2022,,,,,,
4/29/2022,14097.88,1583.26,24252.16,6533.77,710.98,450.39
4/28/2022,13979.84,,24055.56,6508.14,705.93,447.08
4/27/2022,13793.94,1588.19,23830.11,6445.26,696.35,444.31
4/26/2022,13756.4,1577.17,23681.76,6414.57,695.57,441.1
4/25/2022,13924.17,1611.03,23908.55,6449.38,699.17,445.11
4/24/2022,,,,,,
4/23/2022,,,,,,
4/22/2022,14142.09,1622.29,24279.63,6581.42,717.26,453.31
4/21/2022,14502.41,1656.82,24805.62,6715.1,729.05,461.57
4/20/2022,14362.03,1732.99,24878.23,6624.91,725.61,460.1
4/19/2022,14153.46,1751.37,24624.41,6534.79,716.57,456.28
4/18/2022,,1729.35,,,,
4/17/2022,,,,,,
4/16/2022,,,,,,
4/15/2022,,1735.56,,,,459.82
4/14/2022,14163.85,1735.65,24862.35,6589.35,719.7,459.82
4/13/2022,14076.44,1749.43,24722.16,6542.14,718.07,456.78
4/12/2022,14124.95,1739.46,24667.27,6537.41,716.38,456.65
4/11/2022,14192.78,1756.42,24749.49,6555.81,714.74,458.26
4/10/2022,,,,,,
4/9/2022,,,,,,
4/8/2022,14283.67,1775.82,24819.15,6548.22,724.75,460.97
4/7/2022,14078.15,1793.78,24302.71,6461.68,716.53,455.02
4/6/2022,14151.69,1811.98,24447.36,6498.83,719.67,455.97
4/5/2022,14424.36,1845.29,24960.38,6645.51,736.02,463.07
4/4/2022,14518.16,1838.51,25175.86,6731.37,737.8,462.19
4/3/2022,,,,,,
4/2/2022,,,,,,
4/1/2022,14446.48,1806.65,25163.3,6684.31,728,458.34
3/31/2022,14414.75,1798.7,25021.26,6659.87,724.2,455.86
3/30/2022,14606.05,1789.29,25300.25,6741.59,733.88,460.19
3/29/2022,14820.33,1783.05,25307.98,6792.16,735.15,462.09
3/28/2022,14417.37,1754.43,24712.6,6589.11,720.36,454.17
3/27/2022,,,,,,
3/26/2022,,,,,,
3/25/2022,14305.76,1749.22,24558.74,6553.68,723.9,453.55
3/24/2022,14273.79,1767.69,24401.48,6555.77,720.85,453.07
3/23/2022,14283.65,1752.93,24298.66,6581.43,721.81,454.03
3/22/2022,14473.2,1772.28,24533.84,6659.41,728.27,458.65
3/21/2022,14326.97,1751.19,24294.71,6582.33,718.37,454.79
3/20/2022,,,,,,
3/19/2022,,,,,,
3/18/2022,14413.09,1762.14,24222.16,6620.24,716.36,454.6
3/17/2022,14388.06,1755.1,24123.58,6612.52,707.45,450.49
3/16/2022,14440.74,1719.88,24284.85,6588.64,703.52,448.45
3/15/2022,13917.27,1678.32,23499.86,6355,676.38,435.12
3/14/2022,13929.11,1670.26,23426.7,6369.94,674.3,436.35
3/13/2022,,,,,,
3/12/2022,,,,,,
3/11/2022,13628.11,1739.05,23041.2,6260.25,674.8,431.17
3/10/2022,13442.1,1749.94,22886.69,6207.2,671.85,427.12
3/9/2022,13847.93,1773.74,23889.49,6387.83,688.33,434.45
3/8/2022,12831.51,1752.7,22338.13,5962.96,656.74,415.01
3/7/2022,12834.65,1658.61,22160.28,5982.27,669.04,417.13
3/6/2022,,,,,,
3/5/2022,,,,,,
3/4/2022,13094.54,1614.08,22464.86,6061.66,671.73,421.78
3/3/2022,13698.4,1628.56,23958.83,6378.37,705.42,437.36
3/2/2022,14000.11,1673.87,24534.33,6498.02,721,446.33
3/1/2022,13904.85,1707.28,24363.56,6396.49,713.46,442.37
2/28/2022,14461.02,1731.69,25415.89,6658.83,729.72,453.11
2/27/2022,,,,,,
2/26/2022,,,,,,
2/25/2022,14567.23,1607.78,25773.03,6752.43,727.85,453.53
2/24/2022,14052.1,1550.41,24879.88,6521.05,708.55,438.96
2/23/2022,14631.36,1469.6,25955.08,6780.67,727.91,453.86
2/22/2022,14693,1476.96,26043.96,6787.6,731.96,455.12
2/21/2022,14731.12,1502.63,26050.03,6788.34,729.73,454.81
2/20/2022,,,,,,
2/19/2022,,,,,,
2/18/2022,15042.51,1512.67,26506.79,6929.63,744.89,460.81
2/17/2022,15267.63,1545.27,26669.27,6946.82,751.2,464.55
2/16/2022,15370.3,1556.44,26969.32,6964.98,758.92,467.77
2/15/2022,15412.71,1555.24,26967.98,6979.97,755.22,467.56
2/14/2022,15113.97,1489.26,26415.41,6852.2,747.89,460.96
2/13/2022,,,,,,
2/12/2022,,,,,,
2/11/2022,15425.12,1516.26,26966.1,7011.6,761.5,469.57
2/10/2022,15490.44,1548.76,27190.2,7101.55,762.65,472.35
2/9/2022,15482.01,1574.55,27128.99,7130.88,769.94,473.33
2/8/2022,15242.38,1513.81,26411.73,7028.41,755.79,465.34
2/7/2022,15206.64,1517.73,26328.93,7009.25,755.69,465.28
2/6/2022,,,,,,
2/5/2022,,,,,,
2/4/2022,15099.56,1524.4,26603.59,6951.38,747.17,462.15
2/3/2022,15368.47,1517.76,27088.96,7005.63,748.81,468.63
2/2/2022,15613.77,1551.86,27388.73,7115.27,765.56,477.01
2/1/2022,15619.39,1554.08,27224.89,7099.49,765.22,474.86
1/31/2022,15471.2,1550.33,26814.05,6999.2,755.2,468.88
1/30/2022,,,,,,
1/29/2022,,,,,,
1/28/2022,15318.95,1472.72,26565.41,6965.88,744.26,465.55
1/27/2022,15524.27,1473.11,26882.47,7023.8,753.79,470.33
1/26/2022,15459.39,1499.24,26619.25,6981.96,752.43,467.31
1/25/2022,15123.87,1480.79,26028.89,6837.96,739.86,459.59
1/24/2022,15011.13,1517.09,25972.9,6787.79,738.66,456.36
1/23/2022,,,,,,
1/22/2022,,,,,,
1/21/2022,15603.88,1535.19,27061.4,7068.59,763.7,474.44
1/20/2022,15912.33,1598.35,27570,7194.16,778.26,483.35
1/19/2022,15809.72,1572.92,27370.85,7172.98,772.56,480.9
1/18/2022,15772.56,1583.97,27483.28,7133.83,769.7,479.79
1/17/2022,15933.72,1621.66,27688.56,7201.64,781.32,484.51
1/16/2022,,,,,,
1/15/2022,,,,,,
1/14/2022,15883.24,1620.07,27543.96,7143,783.53,481.16
1/13/2022,16031.59,1640.5,27844.45,7201.14,791.33,486.05
1/12/2022,16010.32,1646.21,27714.26,7237.19,790.44,486.2
1/11/2022,15941.81,1636.88,27535.48,7183.38,782.35,483.08
1/10/2022,15768.27,1624.84,27353.71,7115.77,773.13,479.04
1/9/2022,,,,,,
1/8/2022,,,,,,
1/7/2022,15947.74,1634.75,27618.47,7219.48,788.43,486.25
1/6/2022,16052.03,1646.16,27655.69,7249.66,785.9,488.16
1/5/2022,16271.75,1687.03,28162.67,7376.37,800.75,494.35
1/4/2022,16152.61,1749.97,27954.84,7317.41,804.28,494.02
1/3/2022,16020.73,1773.73,27730.32,7217.22,803.31,489.99
1/2/2022,,,,,,
1/1/2022,,,,,,
12/31/2021,,1765.13,,7153.03,797.93,487.8
12/30/2021,15884.86,1763.68,27346.83,7173.23,800.25,488.71
12/29/2021,15852.25,1745.68,27344.25,7161.52,796.12,487.98
12/28/2021,15963.7,1751.75,27444.93,7181.11,800.95,488.5
12/27/2021,15835.25,1767.25,27231.2,7140.39,797.3,485.49
12/26/2021,,,,,,
12/25/2021,,,,,,
12/24/2021,,1770,,7086.58,790.48,482.51
12/23/2021,15756.31,1768.37,27016.22,7106.15,792.3,483.01
12/22/2021,15593.47,1762.99,26827.93,7051.67,782.08,478.36
12/21/2021,15447.44,1750.52,26653.3,6964.99,774.95,473.99
12/20/2021,15239.67,1703.81,26177.76,6870.1,763.03,467.35
12/19/2021,,,,,,
12/18/2021,,,,,,
12/17/2021,15531.69,1766.24,26611.41,6926.63,771.7,473.9
12/16/2021,15636.4,1771.91,26782.44,7005.07,781.59,476.56
12/15/2021,15476.35,1788.17,26666.08,6927.63,775.46,470.76
12/14/2021,15453.56,1774.01,26556.67,6895.31,775.75,469.56
12/13/2021,15621.72,1830.5,26551.02,6942.91,783,473.53
12/12/2021,,,,,,
12/11/2021,,,,,,
12/10/2021,15623.31,1837.1,26721.98,6991.68,788.01,475.56
12/9/2021,15639.26,1858.78,26817.38,7008.23,791.91,476.99
12/8/2021,15687.09,1901.04,26751.93,7014.57,797.72,477.36
12/7/2021,15813.94,1892.18,27137.98,7065.39,805.78,480.18
12/6/2021,15380.79,1834.34,26498.07,6865.78,778.43,468.71
12/5/2021,,,,,,
12/4/2021,,,,,,
12/3/2021,15169.98,1823.84,25938.52,6765.52,772.22,462.77
12/2/2021,15263.11,1878.19,26005.4,6795.75,778.8,465.44
12/1/2021,15472.67,1906.2,26371.92,6881.87,790.7,470.86
11/30/2021,15100.13,1939.05,25814.34,6721.16,777.39,462.96
11/29/2021,15280.86,1974.82,26041.55,6776.25,787.01,467.24
11/28/2021,,,,,,
11/27/2021,,,,,,
11/26/2021,15257.04,1959.17,25852.99,6739.73,781.63,464.05
11/25/2021,15917.98,2000.92,27098.83,7075.87,807.55,481.72
11/24/2021,15878.39,1975.22,27109.3,7042.23,802.96,479.69
11/23/2021,15937,1974.22,26939.4,7044.62,802.24,479.25
11/22/2021,16115.69,2007.86,27382.87,7105,815.34,485.46
11/21/2021,,,,,,
11/20/2021,,,,,,
11/19/2021,16159.97,2042.76,27337.46,7112.29,821.8,486.08
11/18/2021,16221.73,2010.63,27661.82,7141.98,825.06,487.7
11/17/2021,16251.13,2037.71,27824.94,7156.85,827.57,489.95
11/16/2021,16247.86,2050.94,27804.93,7152.6,826.5,489.27
11/15/2021,16148.64,2057.86,27868.13,7128.63,823.21,488.43
11/14/2021,,,,,,
11/13/2021,,,,,,
11/12/2021,16094.07,2074.09,27732.39,7091.4,820.3,486.75
11/11/2021,16083.11,2061.05,27633.2,7059.55,816.35,485.29
11/10/2021,16067.83,2014.36,27561,7045.16,814.63,483.76
11/9/2021,16040.47,2034.53,27441.27,7043.27,815.17,482.71
11/8/2021,16046.52,2047.88,27711.09,7047.48,817.59,483.61
11/7/2021,,,,,,
11/6/2021,,,,,,
11/5/2021,16054.36,2009.23,27795.93,7040.79,819.72,483.44
11/4/2021,16029.65,2034.15,27522.05,6987.79,820.38,483.21
11/3/2021,15959.98,2035.42,27377.87,6950.65,816.01,481.22
11/2/2021,15954.45,2094.39,27189.63,6927.03,812.29,479.53
11/1/2021,15806.29,2128.72,27206,6893.29,811.74,478.87
10/31/2021,,,,,,
10/30/2021,,,,,,
10/29/2021,15688.77,2088.51,26875.96,6830.34,810.91,475.51
10/28/2021,15696.33,2085.73,26890.35,6804.22,812.23,475.16
10/27/2021,15705.81,2024.32,26806.19,6753.52,815.29,474.04
10/26/2021,15757.06,1968.04,26970.95,6766.51,816.91,475.74
10/25/2021,15599.23,1974.29,26815.79,6712.87,813.02,472.21
10/24/2021,,,,,,
10/23/2021,,,,,,
10/22/2021,15542.98,1952.43,26571.73,6733.69,812.97,471.88
10/21/2021,15472.56,1968.49,26525.15,6686.17,807.64,469.71
10/20/2021,15522.92,1962.59,26581.77,6705.61,805.47,470.07
10/19/2021,15515.83,1950.19,26332.99,6669.85,802.49,468.58
10/18/2021,15474.47,1902.08,26268.62,6673.1,796.74,467.04
10/17/2021,,,,,,
10/16/2021,,,,,,
10/15/2021,15587.36,1893.77,26489.18,6727.52,800.41,469.39
10/14/2021,15462.72,1882.65,26277.57,6685.21,790.84,465.92
10/13/2021,15249.38,1884.11,25958.69,6597.38,777.52,460.39
10/12/2021,15146.87,1832.08,25990.02,6548.11,771.47,457.21
10/11/2021,15199.14,1777.69,25930.46,6570.54,773.79,457.53
10/10/2021,,,,,,
10/9/2021,,,,,,
10/8/2021,15206.13,1767.26,26051.01,6559.99,772.05,457.29
10/7/2021,15250.86,1783.91,25992.29,6600.19,777.18,458.57
10/6/2021,14973.33,1756.8,25605.73,6493.12,761.22,451.33
10/5/2021,15194.49,1757.97,25956.02,6576.28,771.19,456.03
10/4/2021,15036.55,1752.69,25460.8,6477.66,757.2,450.77
10/3/2021,,,,,,
10/2/2021,,,,,,
10/1/2021,15156.44,1798.56,25615.31,6517.69,766.69,452.9
9/30/2021,15260.69,1793.13,25683.81,6520.01,771.94,454.81
9/29/2021,15365.27,1801.51,25736.85,6560.8,775.84,455.03
9/28/2021,15248.56,1816.2,25573.25,6506.5,773.71,452.35
9/27/2021,15573.88,1854.4,26132.24,6650.91,788.67,462.42
9/26/2021,,,,,,
9/25/2021,,,,,,
9/24/2021,15531.75,1844.95,25968.84,6638.46,791.45,463.29
9/23/2021,15643.97,1878.84,26081.13,6701.98,800.61,467.5
9/22/2021,15506.74,1859.12,25717.46,6637,792.4,463.2
9/21/2021,15348.53,1835.09,25353.36,6552.73,786.31,458.68
9/20/2021,15132.06,1816.28,25048.26,6455.81,778.28,454.12
9/19/2021,,,,,,
9/18/2021,,,,,,
9/17/2021,15490.17,1852.84,25709.56,6570.19,789.49,461.84
9/16/2021,15651.75,1851.1,25963.93,6622.59,798.15,465.95
9/15/2021,15616,1864.58,25762.1,6583.62,794.19,463.91
9/14/2021,15722.99,1895.74,26027.07,6652.97,797.71,467.65
9/13/2021,15701.42,1900.14,25925.73,6676.93,791.45,467.69
9/12/2021,,,,,,
9/11/2021,,,,,,
9/10/2021,15609.81,1874.49,25686.47,6663.77,788.49,466.34
9/9/2021,15623.15,1898.14,25909.83,6684.72,787.17,467.57
9/8/2021,15610.28,1899.13,25876.89,6668.89,789,467.87
9/7/2021,15843.09,1935.1,26073.73,6726.07,794.73,472.87
9/6/2021,15932.12,1947.63,26263.43,6743.5,798.55,475.19
9/5/2021,,,,,,
9/4/2021,,,,,,
9/3/2021,15781.2,1954.48,26064.78,6689.99,789.55,471.93
9/2/2021,15840.59,1969.14,26233.38,6763.08,793.32,474.6
9/1/2021,15824.29,1948.43,26181.66,6758.69,790,473.12
8/31/2021,15835.09,1929.24,26009.29,6680.18,787.62,470.88
8/30/2021,15887.31,1932.09,26024.27,6687.3,789.14,472.68
8/29/2021,,,,,,
8/28/2021,,,,,,
8/27/2021,15851.75,1909.9,26006.63,6681.92,787.04,472.34
8/26/2021,15793.62,1901.22,25861.52,6666.03,780.31,470.34
8/25/2021,15860.66,1915.03,26060.27,6676.48,781.93,471.84
8/24/2021,15905.85,1915.05,26027.91,6664.31,783.15,471.79
8/23/2021,15852.79,1898.55,26046.03,6683.1,780.28,471.88
8/22/2021,,,,,,
8/21/2021,,,,,,
8/20/2021,15808.04,1873.83,25918.27,6626.11,771.41,468.8
8/19/2021,15765.81,1848.71,25928.78,6605.89,765.83,467.24
8/18/2021,15965.97,1855.22,26357.21,6770.11,771.48,474.42
8/17/2021,15921.95,1835.54,26224.79,6819.84,770.79,473.78
8/16/2021,15925.73,1855.32,26448.76,6838.77,769.78,473.45
8/15/2021,,,,,,
8/14/2021,,,,,,
8/13/2021,15977.44,1875.82,26652.56,6896.04,774.83,475.83
8/12/2021,15937.51,1882.51,26557.84,6882.47,775.24,474.84
8/11/2021,15826.09,1907.02,26457.06,6857.99,775.84,474.32
8/10/2021,15770.71,1922.31,26201.21,6820.21,775.12,472.32
8/9/2021,15745.41,1921,26139.43,6813.18,771.8,470.68
8/8/2021,,,,,,
8/7/2021,,,,,,
8/6/2021,15761.45,1894.97,26000.28,6816.96,767.82,469.97
8/5/2021,15744.67,1903.43,25665.55,6781.19,768.23,469.96
8/4/2021,15692.13,1915.95,25490.22,6746.23,766.24,468.22
8/3/2021,15555.08,1912.25,25356.15,6723.81,760.08,465.38
8/2/2021,15568.73,1883.62,25351.6,6675.9,758.22,464.45
8/1/2021,,,,,,
7/31/2021,,,,,,
7/30/2021,15544.39,1876,25363.02,6612.76,754.31,461.74
7/29/2021,15640.47,1882.26,25516.46,6633.77,758.08,463.84
7/28/2021,15570.36,1875.57,25261.67,6609.31,747.66,461.7
7/27/2021,15519.13,1834.65,25086.55,6531.92,737.24,458.65
7/26/2021,15618.98,1853.5,25296.4,6578.6,745.1,461.14
7/25/2021,,,,,,
7/24/2021,,,,,,
7/23/2021,15669.29,1863.01,25124.91,6568.82,749.42,461.51
7/22/2021,15514.54,1888.46,24805.21,6481.59,739.03,456.53
7/21/2021,15422.5,1879.71,24675.61,6464.48,733.74,453.97
7/20/2021,15216.27,1825.59,24107.33,6346.85,722.03,446.61
7/19/2021,15133.2,1811.15,23965.92,6295.97,721.09,444.29
7/18/2021,,,,,,
7/17/2021,,,,,,
7/16/2021,15540.31,1831.58,24792.78,6460.08,736.52,454.74
7/15/2021,15629.66,1841,24875.5,6493.36,739.42,456.2
7/14/2021,15788.98,1879.74,25194.33,6558.38,744.95,460.56
7/13/2021,15789.64,1923.95,25156.65,6558.47,742.86,460.96
7/12/2021,15790.51,1941.77,25283.2,6559.25,738.44,460.83
7/11/2021,,,,,,
7/10/2021,,,,,,
7/9/2021,15687.93,1917.33,25051.82,6529.42,732.15,457.67
7/8/2021,15420.64,1915.82,24641.47,6396.73,723.11,451.61
7/7/2021,15692.71,1947.55,25284.99,6527.72,737.64,459.53
7/6/2021,15511.38,1954.35,25227.92,6507.48,731.48,455.98
7/5/2021,15661.97,1939.3,25441.34,6567.54,733.99,458.36
7/4/2021,,,,,,
7/3/2021,,,,,,
7/2/2021,15650.09,1936.64,25282.41,6552.86,733.55,456.81
7/1/2021,15603.81,1945.08,25286.06,6553.82,731.33,455.63
6/30/2021,15531.04,1934.69,25102.04,6507.83,729.52,452.84
6/29/2021,15690.59,1965.11,25357.36,6567.43,734.19,456.37
6/28/2021,15554.18,1951.43,25227.1,6558.02,730.86,454.94
6/27/2021,,,,,,
6/26/2021,,,,,,
6/25/2021,15607.97,1907.36,25510.5,6622.87,733.14,457.63
6/24/2021,15589.23,1894.58,25422.22,6631.15,732.7,457.04
6/23/2021,15456.39,1887.23,25077.14,6551.07,725.05,453.1
6/22/2021,15636.33,1886.46,25315.57,6611.5,728.59,456.42
6/21/2021,15603.24,1866.34,25397.72,6602.54,723.77,455.23
6/20/2021,,,,,,
6/19/2021,,,,,,
6/18/2021,15448.04,1854.76,25218.16,6569.16,719.63,452.05
6/17/2021,15727.67,1880.03,25713.6,6666.26,734.89,459.33
6/16/2021,15710.57,1885.81,25767.54,6652.65,733.5,459.86
6/15/2021,15729.52,1859.93,25736.75,6639.52,730.98,458.81
6/14/2021,15673.64,1880.44,25757.83,6616.35,730.1,458.32
6/13/2021,,,,,,
6/12/2021,,,,,,
6/11/2021,15693.27,1857.58,25717.42,6600.66,728.48,457.51
6/10/2021,15571.22,1847.66,25638.19,6546.49,725.45,454.56
6/9/2021,15581.14,1844.8,25741.75,6563.45,722.71,454.44
6/8/2021,15640.6,1851.88,25809.16,6551.01,719.43,454.01
6/7/2021,15677.15,1841.64,25824.71,6543.56,718.61,453.56
6/6/2021,,,,,,
6/5/2021,,,,,,
6/4/2021,15692.9,1833.58,25570.46,6515.66,720.18,452.57
6/3/2021,15632.67,1821.34,25452.33,6507.92,717.08,450.79
6/2/2021,15602.71,1850.35,25379.69,6521.52,718.93,451.34
6/1/2021,15567.36,1878.84,25321.82,6489.4,715.94,450.1
5/31/2021,15421.13,1878.22,25170.55,6447.17,709.36,446.76
5/30/2021,,,,,,
5/29/2021,,,,,,
5/28/2021,15519.98,1881.18,25169.39,6484.11,713.28,448.98
5/27/2021,15406.73,1869.8,25056.19,6435.71,708.36,446.44
5/26/2021,15450.72,1876.54,24778.04,6391.6,711.17,445.22
5/25/2021,15465.09,1853.52,24892.9,6390.27,712.25,445.2
5/24/2021,,1853.1,24891.24,6408.49,710.46,445.07
5/23/2021,,,,,,
5/22/2021,,,,,,
5/21/2021,15437.51,1856.67,24975,6386.41,706.96,444.44
5/20/2021,15370.26,1843.61,24702.11,6343.58,704.09,441.9
5/19/2021,15113.56,1800.1,24486.69,6262.55,693.72,436.34
5/18/2021,15386.58,1793.58,24880.45,6353.67,705.01,443.04
5/17/2021,15396.62,1754.46,24862.68,6367.35,703.22,442.29
5/16/2021,,,,,,
5/15/2021,,,,,,
5/14/2021,15416.64,1762.09,24766.09,6385.14,703.33,442.53
5/13/2021,15199.68,1710.58,24486.01,6288.33,694.22,437.32
5/12/2021,15150.22,1712.62,24452.93,6279.35,694.76,437.93
5/11/2021,15119.75,1755.94,24396.01,6267.39,695.94,436.61
5/10/2021,15400.41,1766.95,24802.9,6385.99,711.91,445.39
5/9/2021,,,,,,
5/8/2021,,,,,,
5/7/2021,15399.65,1810.66,24612.04,6385.51,718.41,444.93
5/6/2021,15196.74,1777.31,24495.07,6357.09,712.46,441.02
5/5/2021,15170.78,1807.9,24463.89,6339.47,714.14,441.55
5/4/2021,14856.48,1802.84,23977.53,6251.75,696.98,433.65
5/3/2021,15236.47,1886.25,24419.97,6307.9,712.13,439.92
5/2/2021,,,,,,
5/1/2021,,,,,,
4/30/2021,15135.91,1906.76,24141.16,6269.48,707.56,437.39
4/29/2021,15154.2,1938.78,24278.2,6302.57,710.47,438.77
4/28/2021,15292.18,1972.21,24459.57,6306.98,711.84,439.92
4/27/2021,15249.27,2010.53,24473.06,6273.76,712.22,439.85
4/26/2021,15296.34,2018.99,24513.84,6275.52,715.46,440.2
4/25/2021,,,,,,
4/24/2021,,,,,,
4/23/2021,15279.62,2002.42,24386.09,6257.94,715.77,439.04
4/22/2021,15320.52,1975.07,24398.41,6267.28,712.94,439.63
4/21/2021,15195.97,1917.23,24161.38,6210.55,709.36,436.64
4/20/2021,15129.51,1895.22,24088.65,6165.11,700.19,433.8
4/19/2021,15368.39,1907.43,24691.46,6296.69,711.94,442.18
4/18/2021,,,,,,
4/17/2021,,,,,,
4/16/2021,15459.75,1949.76,24744.38,6287.07,716.8,442.49
4/15/2021,15255.33,1901.25,24528.69,6234.14,713.8,438.55
4/14/2021,15209.15,1927.6,24574.74,6208.58,712.55,436.57
4/13/2021,15234.36,1919.59,24600.35,6184.1,708.6,435.75
4/12/2021,15215,1888.93,24457.18,6161.68,707.35,435.24
4/11/2021,,,,,,
4/10/2021,,,,,,
4/9/2021,15234.16,1921.71,24429.41,6169.41,713.36,437.23
4/8/2021,15202.68,1921.39,24576.51,6165.72,713.38,436.86
4/7/2021,15176.36,1908.34,24740.73,6130.66,710.08,434.32
4/6/2021,15212.68,1957.36,24761.12,6131.34,713.28,435.26
4/5/2021,,1946.69,,,,
4/4/2021,,,,,,
4/3/2021,,,,,,
4/2/2021,,1994.38,,,,
4/1/2021,15107.17,1995.18,24710,6102.96,708.43,432.22
3/31/2021,15008.34,1977.75,24648.56,6067.23,699.85,429.6
3/30/2021,15008.61,1914.33,24636.39,6088.04,701.12,430.65
3/29/2021,14817.72,1839.7,24421.4,6015.51,697.94,427.61
3/28/2021,,,,,,
3/27/2021,,,,,,
3/26/2021,14748.94,1879.69,24393.26,5988.81,696.62,426.93
3/25/2021,14621.36,1837.94,24218.55,5952.41,685.33,423.08
3/24/2021,14610.39,1850.82,24208.66,5947.29,686.13,423.39
3/23/2021,14662.02,1930.73,24113.86,5945.3,681.74,423.31
3/22/2021,14657.21,1957.82,24262.84,5968.48,684.21,424.17
3/21/2021,,,,,,
3/20/2021,,,,,,
3/19/2021,14621,1921.18,24199.42,5997.96,681.7,423.35
3/18/2021,14775.52,1902.22,24360.49,6062.79,682.39,426.59
3/17/2021,14596.61,1969.46,24281.05,6054.82,680.71,424.91
3/16/2021,14557.58,2041.68,24261.12,6055.43,683.65,426.82
3/15/2021,14461.42,2074.8,24139.45,6035.97,678.8,423.08
3/14/2021,,,,,,
3/13/2021,,,,,,
3/12/2021,14502.39,2088.23,24113.22,6046.55,677.41,423.08
3/11/2021,14569.39,2097.42,24121.37,6033.76,683.71,424.17
3/10/2021,14540.25,1978.47,23925.96,5990.55,678.03,422.11
3/9/2021,14437.94,1972.49,23816.5,5924.97,675.1,420.41
3/8/2021,14380.91,1844.69,23681.57,5902.99,665.65,417.25
3/7/2021,,,,,,
3/6/2021,,,,,,
3/5/2021,13920.69,1879.25,22965.63,5782.65,653.87,408.68
3/4/2021,14056.34,1941.04,23093.1,5830.65,657.67,411.91
3/3/2021,14080.03,2015.11,23046.77,5830.06,663.35,413.42
3/2/2021,14039.8,2141.25,23083.55,5809.73,663.26,413.23
3/1/2021,14012.82,2205.54,23264.86,5792.79,664.58,412.44
2/28/2021,,,,,,
2/27/2021,,,,,,
2/26/2021,13786.29,2122.2,22848.58,5703.22,651.26,404.99
2/25/2021,13879.33,2117.31,23063.55,5783.89,664.48,411.73
2/24/2021,13976,2189.83,23098.15,5797.98,664.54,413.21
2/23/2021,13864.81,2164.12,22939.38,5779.84,664.06,411.32
2/22/2021,13950.04,2204.01,23009.18,5767.44,671.75,413.06
2/21/2021,,,,,,
2/20/2021,,,,,,
2/19/2021,13993.23,2342.9,23136.31,5773.55,678.48,414.88
2/18/2021,13886.93,2300.46,22921.83,5728.33,672.81,412.7
2/17/2021,13909.27,2424.1,23178.56,5765.84,681.04,416.1
2/16/2021,14064.6,2469.28,23440.81,5786.53,687.43,419.2
2/15/2021,14109.48,2507.35,23604.31,5786.25,685.18,419.47
2/14/2021,,,,,,
2/13/2021,,,,,,
2/12/2021,14049.89,2495.91,23410.6,5703.67,676.83,414
2/11/2021,14040.91,2548.99,23307.24,5669.82,664.34,411.35
2/10/2021,13932.97,2539.79,23264.68,5670.8,657.23,409.47
2/9/2021,14011.8,2568.32,23300.49,5691.54,657.07,410.42
2/8/2021,14059.91,2587.72,23425.92,5686.03,656.39,410.78
2/7/2021,,,,,,
2/6/2021,,,,,,
2/5/2021,14056.72,2554.23,23083.42,5659.26,653.24,409.54
2/4/2021,14060.29,2535.88,22900.55,5608.54,654.38,409.54
2/3/2021,13933.63,2567.58,22527.9,5563.05,654.89,407.27
2/2/2021,13835.16,2524.52,22066.87,5563.11,652.87,405.92
2/1/2021,13622.02,2495.91,21825.51,5461.68,647.34,400.77
1/31/2021,,,,,,
1/30/2021,,,,,,
1/29/2021,13432.87,2450.08,21572.53,5399.21,637.11,395.85
1/28/2021,13665.93,2513.24,21916.5,5510.52,649,403.39
1/27/2021,13620.46,2498.65,21662.73,5459.62,647.92,402.98
1/26/2021,13870.99,2636.25,21987,5523.52,658.54,407.7
1/25/2021,13643.95,2659.58,21735.95,5472.36,658.24,405.13
1/24/2021,,,,,,
1/23/2021,,,,,,
1/22/2021,13873.97,2698.32,22088.36,5559.57,660.53,408.54
1/21/2021,13906.67,2664.11,22428.93,5590.79,663.88,410.89
1/20/2021,13921.37,2561.14,22650.78,5628.44,659.3,410.84
1/19/2021,13815.06,2579.38,22441.72,5598.61,651.28,407.92
1/18/2021,13848.35,2494.57,22498.89,5617.27,650.3,408.68
1/17/2021,,,,,,
1/16/2021,,,,,,
1/15/2021,13787.73,2504.61,22381.35,5611.69,651.73,407.85
1/14/2021,13988.7,2639.66,22637.72,5681.14,656.66,412
1/13/2021,13939.71,2660.84,22743.65,5662.67,644.38,409.07
1/12/2021,13925.06,2648.08,22646.07,5650.97,643.58,408.61
1/11/2021,13936.66,2618.77,22722.01,5662.43,642.42,408.41
1/10/2021,,,,,,
1/9/2021,,,,,,
1/8/2021,14049.53,2720.79,22793.94,5706.88,645.6,411.17
1/7/2021,13968.24,2692.75,22746.08,5669.85,637.41,408.49
1/6/2021,13891.97,2518.59,22734.32,5630.6,639.16,406.41
1/5/2021,13651.22,2390.04,22200.6,5564.6,633.62,400.94
1/4/2021,13726.74,2342.44,22315.87,5588.96,631.03,401.69
1/3/2021,,,,,,
1/2/2021,,,,,,
1/1/2021,,,,,,
