Date,Temperature,Precipitation,Solar Energy,Wind Speed
1/31/2024,7.6,0,1.9,8.4
1/30/2024,9.9,0,1.2,8
1/29/2024,8.6,0,1.8,9.4
1/28/2024,4.6,0,1.6,7.7
1/27/2024,3.9,0.012,1.9,6.9
1/26/2024,9.9,0.742,2,13.5
1/25/2024,11.2,0.728,1,8.4
1/24/2024,13.3,0.392,1.5,16.4
1/23/2024,9.5,0.247,1.9,14.6
1/22/2024,10.8,0.359,1.3,24
1/21/2024,3.8,0.012,1.1,20.4
1/20/2024,-0.9,0,2,9
1/19/2024,-0.7,0,4.2,6.5
1/18/2024,0.5,8.141,1.6,13
1/17/2024,1.4,15.772,1.1,9.7
1/16/2024,-0.9,0,1.2,6.9
1/15/2024,1.6,0,3.7,12.1
1/14/2024,-1.9,0,0.9,7.8
1/13/2024,-1.3,0,0.6,6.3
1/12/2024,1.6,0,0.5,11.6
1/11/2024,-0.4,0,1.3,12.8
1/10/2024,-1,0.012,1.5,8
1/9/2024,-1.9,0.102,1,10.4
1/8/2024,-0.9,0.113,0.6,15.9
1/7/2024,3.3,0.035,0.5,14
1/6/2024,5.7,0.467,0.9,12.1
1/5/2024,7.6,0.024,0.8,15.4
1/4/2024,9.5,0.045,0.9,16.9
1/3/2024,10.6,5.431,0.7,17.8
1/2/2024,10.8,12.541,0.2,23.7
1/1/2024,8,2.813,1.4,16.6
12/31/2023,9.3,0.927,1.1,22.2
12/30/2023,9.1,0.047,0.7,13.6
12/29/2023,10.3,1.523,1,16
12/28/2023,10.3,0,1.1,15.8
12/27/2023,9.5,0.012,1.2,15.9
12/26/2023,10.6,0.237,0.6,12.3
12/25/2023,11.6,0.033,0.7,12.9
12/24/2023,11,0.012,1.2,15.8
12/23/2023,10.2,0,0.7,13.5
12/22/2023,10.3,0.516,0.6,15.2
12/21/2023,10.6,0.778,0.6,15.3
12/20/2023,7.9,0.084,0.7,13
12/19/2023,6.2,1.166,0.7,11.6
12/18/2023,1.8,0,0.6,8.2
12/17/2023,2.5,0.012,1.1,7.1
12/16/2023,6.9,0,1,4.7
12/15/2023,8.6,0.876,1.3,7
12/14/2023,7.9,0.294,0.9,13.3
12/13/2023,8.7,1.099,0.6,10.5
12/12/2023,11.5,1.347,1,11.8
12/11/2023,11,0.102,1,10.4
12/10/2023,10.3,1.677,0.8,16.7
12/9/2023,9.3,16.32,0.6,18
12/8/2023,8.1,2.172,0.8,8.1
12/7/2023,4.4,6.942,0.5,11.8
12/6/2023,5.7,0.036,0.7,8.3
12/5/2023,7.2,5.299,1,16
12/4/2023,6,9.445,0.5,14.3
12/3/2023,0.7,0,1.4,13.5
12/2/2023,0.4,0,1.1,10.4
12/1/2023,2.8,0,0.7,11.3
11/30/2023,4.3,0.018,0.8,8.5
11/29/2023,5,0,1.3,8.1
11/28/2023,5.5,0.405,1.3,12.3
11/27/2023,6.2,5.888,0.5,13.7
11/26/2023,3.5,0.03,1.7,8.3
11/25/2023,4.7,0,1.3,11.1
11/24/2023,9.2,0.282,0.8,13.4
11/23/2023,9.9,0.156,0.7,9.6
11/22/2023,7.6,0,1.5,13.9
11/21/2023,10.5,1.754,1,9.9
11/20/2023,10.7,0.286,0.9,16.1
11/19/2023,13.4,0,1.6,17.5
11/18/2023,10.6,12.919,0.4,12.4
11/17/2023,8.7,1.727,3.4,9.1
11/16/2023,8.7,17.43,1.2,14.4
11/15/2023,10.7,0,1.2,12.7
11/14/2023,12.3,0.658,0.7,16.1
11/13/2023,14.3,5.154,1,16.6
11/12/2023,9.3,8.159,0.9,13.1
11/11/2023,7.9,0.392,1.4,8.6
11/10/2023,8.7,1.818,1.7,16.9
11/9/2023,9.7,2.156,1.4,14
11/8/2023,9.6,1.072,1.5,16.2
11/7/2023,9.7,0.254,1.9,13.1
11/6/2023,10.3,0.37,2.1,14.1
11/5/2023,11.3,3.705,0.9,16.9
11/4/2023,10.4,7.266,1.1,18.6
11/3/2023,8.2,0.135,1.4,11.8
11/2/2023,11.6,7.083,1.6,25.4
11/1/2023,12.4,0.646,1.6,16.5
10/31/2023,11.9,0.183,1.9,11.7
10/30/2023,11.3,5.903,0.6,9.5
10/29/2023,13.5,7.303,1.7,17.6
10/28/2023,12.5,2.604,1.1,16.6
10/27/2023,12.2,3.826,1.6,11.1
10/26/2023,12.8,16.95,2,10.2
10/25/2023,12.9,6.834,1.9,15
10/24/2023,12.9,1.302,2.8,10.7
10/23/2023,10.4,6.182,0.6,9.2
10/22/2023,12.8,0.885,1.6,13.3
10/21/2023,13.4,2.256,1.7,21.9
10/20/2023,15.2,7.522,3.3,10.6
10/19/2023,17.5,0.818,2.1,13.9
10/18/2023,14.6,4.645,1,16.2
10/17/2023,10.5,0,2.1,9.5
10/16/2023,8.7,0,4.7,14.9
10/15/2023,10.3,0.012,2.8,9
10/14/2023,13.9,1.065,2.8,18.5
10/13/2023,20.8,0.264,2.4,19.8
10/12/2023,18.9,3.759,2.9,9.4
10/11/2023,18.8,0.012,3.1,10.8
10/10/2023,18.7,0,4.3,8.3
10/9/2023,18.7,0,3.3,4.2
10/8/2023,18.3,0.012,3.8,5.8
10/7/2023,16.5,0,3.7,5.8
10/6/2023,14.5,0.018,4,4.5
10/5/2023,14.5,0.018,3.5,3.8
10/4/2023,14,0.011,3.6,5.9
10/3/2023,18.7,0.51,4.8,14.3
10/2/2023,20.7,0,4.4,7.9
10/1/2023,18.8,0.102,3.5,7.2
9/30/2023,15.9,0,4.9,4.6
9/29/2023,19.1,0,4.5,12.9
9/28/2023,19.7,0,2.6,8.7
9/27/2023,19.7,0.024,2.7,10.3
9/26/2023,18.8,0,4.6,8.1
9/25/2023,16.6,0,2.2,5.9
9/24/2023,14.2,0.036,5.1,11.2
9/23/2023,13.6,0.167,4.3,7.1
9/22/2023,13.8,5.86,5.4,14.1
9/21/2023,16.9,12.932,2.6,13.5
9/20/2023,19.8,0,3.9,17.2
9/19/2023,16.8,2.978,1.9,13.3
9/18/2023,19.3,0.485,2.6,15.9
9/17/2023,21.1,5.897,4.4,14
9/16/2023,20.7,0,3.6,5.5
9/15/2023,20.6,0.036,16.1,7.8
9/14/2023,19.3,0.11,9.5,5.1
9/13/2023,19,0.699,9.7,5
9/12/2023,19.1,13.514,1.9,8.4
9/11/2023,23.5,0,6.7,10.6
9/10/2023,27.3,0,5.2,8.2
9/9/2023,27.6,0,6.3,8.6
9/8/2023,26.9,0,5.7,5.5
9/7/2023,24.7,0,6.3,4.7
9/6/2023,26,0,7.2,8.5
9/5/2023,25.5,0,5.4,6.3
9/4/2023,24,0,7.6,12.9
9/3/2023,24.4,0,7.1,10.5
9/2/2023,22.2,0,3.4,10.1
9/1/2023,19.6,0.935,4.8,10.8
8/31/2023,16.3,0.766,3.4,9
8/30/2023,16.5,0.056,4.5,12
8/29/2023,16.7,0,4.3,8.2
8/28/2023,16.4,0,8.1,11
8/27/2023,16.3,0.225,5.4,9.9
8/26/2023,17.7,0.351,7.5,10.8
8/25/2023,20.5,0,1.9,9.3
8/24/2023,23.9,0.564,4.8,15.1
8/23/2023,24.6,0,5.9,9.6
8/22/2023,24.3,0,7.4,6.1
8/21/2023,23,0.012,8.5,9.3
8/20/2023,24.3,0,5.1,10.8
8/19/2023,24.2,1.662,9.3,9.8
8/18/2023,24.7,0,6.6,8.5
8/17/2023,23.4,0,6.6,9.3
8/16/2023,22,0,8,7.8
8/15/2023,21,0.401,4.9,6.4
8/14/2023,21,0.119,5.7,12.4
8/13/2023,20.1,0,9.2,10.2
8/12/2023,21.3,13.607,9.3,11.4
8/11/2023,21.7,1.976,3.3,10
8/10/2023,21.7,0,10.2,9.2
8/9/2023,19.7,0,8.6,8.5
8/8/2023,19.1,0,5.3,10
8/7/2023,17.2,0,3.8,9.2
8/6/2023,16.2,0.362,6.3,15.4
8/5/2023,15.8,0.585,6.1,19.8
8/4/2023,17.3,1.134,9.1,12.1
8/3/2023,17,3.166,4.6,15.4
8/2/2023,19.8,29.896,3.7,22.2
8/1/2023,18.9,8.067,6.4,15.5
7/31/2023,18.7,5.281,2.8,16.2
7/30/2023,19.2,0.138,9.5,12.5
7/29/2023,20.6,1.864,7.7,11.3
7/28/2023,20.2,36.032,5.3,8.9
7/27/2023,19.5,3.838,3.7,15.5
7/26/2023,17.8,0.057,8.7,11
7/25/2023,16.7,15.059,5.8,11.6
7/24/2023,19.5,3.043,4.5,14.8
7/23/2023,20.4,0.544,6.2,13.4
7/22/2023,19.8,0.024,9.9,12.7
7/21/2023,19.7,0.094,7.7,9.5
7/20/2023,20.2,0,7.4,9.5
7/19/2023,20.8,0,10.1,11.4
7/18/2023,22.3,0,10.3,8.8
7/17/2023,19.7,0,11.4,9.5
7/16/2023,20.1,0,10.3,15.2
7/15/2023,22.6,2.619,7.2,16.6
7/14/2023,23.5,0,12.3,15.6
7/13/2023,19.9,0,5.7,10.2
7/12/2023,21,0,23.3,9.9
7/11/2023,24.9,0,26.5,11.5
7/10/2023,23.4,0,18.5,9.2
7/9/2023,23.8,0.183,17.9,9.4
7/8/2023,27,0,26.2,9.8
7/7/2023,23.8,0,22.4,12.6
7/6/2023,19.9,0,14.9,5.8
7/5/2023,16.8,1.953,7.8,17.2
7/4/2023,18.6,12.291,5.3,12.3
7/3/2023,19.8,0,13.1,12.7
7/2/2023,18.8,0,11.7,11
7/1/2023,19.4,1.483,6.9,14.1
6/30/2023,19.7,0,17,12
6/29/2023,21.5,0.035,5.2,12.5
6/28/2023,21.2,0,5.4,7.2
6/27/2023,19.8,0,12.2,10.3
6/26/2023,20.2,0,10.2,11.3
6/25/2023,26.5,0,12.9,13.3
6/24/2023,23.8,0,13.2,10.3
6/23/2023,21.9,0.018,12.4,9.9
6/22/2023,20.4,13.858,7.1,12.8
6/21/2023,22.7,0.018,4.3,8.6
6/20/2023,22.1,0.143,7.2,11.1
6/19/2023,20.3,0.321,4.4,6.9
6/18/2023,22.5,13.767,6.5,11.9
6/17/2023,24.5,0.018,8.6,8.2
6/16/2023,23.8,0,8.9,6.8
6/15/2023,23.3,0,11.4,7.9
6/14/2023,23.7,0,13.4,9.2
6/13/2023,23.6,0,13.2,12.2
6/12/2023,21.4,0.429,9.6,8.3
6/11/2023,22.3,9.821,8.7,11.3
6/10/2023,23.7,0.166,6.9,11
6/9/2023,24.3,0,11,12.6
6/8/2023,22,0,7.4,10.3
6/7/2023,21.1,0,7.2,10.6
6/6/2023,19.4,0,12.6,12.8
6/5/2023,20,0,11.4,12.1
6/4/2023,20.3,0,12.6,12.9
6/3/2023,18.3,0,12.5,10.9
6/2/2023,15.6,0,13.3,13.9
6/1/2023,20.5,0,12.7,13.9
5/31/2023,19.3,0,12.2,13.3
5/30/2023,17.3,0,12.3,14
5/29/2023,18.8,0,11.7,15.5
5/28/2023,20.2,0,12.3,13.1
5/27/2023,18.4,0,8.9,11.3
5/26/2023,17,0,13,11.1
5/25/2023,16.5,0,11.1,14.5
5/24/2023,14.1,0,8,14.1
5/23/2023,14.9,0,7.5,13.4
5/22/2023,16.7,0,6.6,12.2
5/21/2023,17.2,0,8.4,13.7
5/20/2023,16.2,0,4.7,14.2
5/19/2023,14.5,0,9.5,12.5
5/18/2023,13.1,0,8.6,12.4
5/17/2023,13.1,0,8.5,13.5
5/16/2023,11.7,0.012,9.8,15
5/15/2023,12,1.749,4,15
5/14/2023,13.6,0,10.5,9.4
5/13/2023,15.2,0.314,9.2,15
5/12/2023,12.1,0.691,2.9,11.3
5/11/2023,13.2,0.081,4.6,6.7
5/10/2023,13.1,5.656,8.7,11.2
5/9/2023,14.5,11.398,4.1,8.5
5/8/2023,15,0.029,4.8,6.3
5/7/2023,15.5,28.45,5.6,7.6
5/6/2023,16.1,0.062,4.8,7.4
5/5/2023,16.1,0.765,9.5,12.6
5/4/2023,17.6,0,8.2,11.8
5/3/2023,14.9,0,10.9,11.5
5/2/2023,13.3,0.102,9.2,9.3
5/1/2023,12.7,2.439,6.3,10.8
4/30/2023,13.2,0,4.2,7.4
4/29/2023,12.4,0,6.6,9.4
4/28/2023,17.2,5.861,7.6,10.6
4/27/2023,14.1,0.665,4.5,7.6
4/26/2023,9.7,0.189,4.8,6.3
4/25/2023,8.8,0.284,4.1,11.4
4/24/2023,10.4,1.435,6.1,13.6
4/23/2023,11.3,5.474,5.1,17.6
4/22/2023,11.3,6.75,6.9,11.7
4/21/2023,8.8,0,11.6,6.8
4/20/2023,9.5,0,5.1,15.4
4/19/2023,13.4,0,7.8,14.2
4/18/2023,11.4,0.149,4.5,13.3
4/17/2023,9.2,0,2.8,12
4/16/2023,10.3,0,7.6,13.8
4/15/2023,10,11.202,5.9,14.5
4/14/2023,7.1,2.461,3,13.2
4/13/2023,9.3,1.258,7.2,15.7
4/12/2023,9.8,10.979,5.9,18.1
4/11/2023,10.3,4.379,5.8,11.7
4/10/2023,12.4,5.707,3.2,13.7
4/9/2023,11.6,0,9.1,7.3
4/8/2023,9.6,0,10.5,10.3
4/7/2023,10.2,0.018,5.7,10.7
4/6/2023,11.2,0.341,4.4,11.2
4/5/2023,8.7,0,8.2,5.8
4/4/2023,7.2,0,7.6,11.2
4/3/2023,8.1,0,7.9,14.2
4/2/2023,8.1,0.469,1.2,14.4
4/1/2023,11.3,1.176,4.3,17.7
3/31/2023,12.5,3.599,4.4,22.8
3/30/2023,15,0.656,4.7,18
3/29/2023,14.5,0.051,4.8,12.4
3/28/2023,7.2,0,3.1,13
3/27/2023,7.5,0,3.7,15.7
3/26/2023,9.8,3.222,5.5,19.3
3/25/2023,11.1,0.144,6.1,17.5
3/24/2023,12.6,2.667,6.7,19.7
3/23/2023,13.6,0.301,4.2,18
3/22/2023,11.8,0.981,3.1,16.9
3/21/2023,12.1,0.043,4.2,11.8
3/20/2023,9.2,0.023,4.1,9.2
3/19/2023,10,2.015,3.6,11.2
3/18/2023,12.2,0.99,3.5,15.7
3/17/2023,12.3,2.361,3.8,14.8
3/16/2023,10.8,0,4.6,11.3
3/15/2023,6.7,0.012,3,6.9
3/14/2023,8.7,2.072,3.3,21.6
3/13/2023,13.4,0.289,2.7,16.8
3/12/2023,11.2,0.551,3.5,14.4
3/11/2023,5.7,0.394,3,7.8
3/10/2023,7.8,3.906,1.7,23.1
3/9/2023,11.7,3.497,3,15.5
3/8/2023,9.9,22.051,2.5,15.2
3/7/2023,6.6,0.534,3.1,14.1
3/6/2023,5.5,0,2.1,8.7
3/5/2023,5.6,0,1.4,6.2
3/4/2023,3.7,0,1.6,9.5
3/3/2023,3.9,0,4.6,11.2
3/2/2023,3.8,0,3.7,9.9
3/1/2023,2.7,0,3.9,13.1
2/28/2023,2.1,0,3.4,14
2/27/2023,2.7,0,4,17.7
2/26/2023,2.6,0,3.3,20.3
2/25/2023,5.8,0,2.2,13.3
2/24/2023,8,0,2.3,10.5
2/23/2023,8.3,0.011,1.9,10.5
2/22/2023,8.8,0.228,0.8,8.9
2/21/2023,8.4,0.018,2.8,4.3
2/20/2023,7.1,0,3,6.9
2/19/2023,10.5,0,3.5,10.3
2/18/2023,11.4,0,1.5,12
2/17/2023,12.6,0.023,1.6,12.4
2/16/2023,8.8,0,3,11.2
2/15/2023,6.4,0,2.9,5.7
2/14/2023,6.3,0.012,2.7,4.5
2/13/2023,6.1,0,2.6,5.4
2/12/2023,7.2,0,1.3,7.6
2/11/2023,5.9,0,1.9,6.9
2/10/2023,6,0.011,2.2,6.4
2/9/2023,1.6,0,1.8,5.7
2/8/2023,1.8,0.012,2.3,6.9
2/7/2023,2.8,0.205,2.3,11.7
2/6/2023,4.3,0.102,2.6,11.3
2/5/2023,7.3,0.036,2,16
2/4/2023,9.1,0.701,0.8,9.3
2/3/2023,8.6,0,1.2,10.2
2/2/2023,7.6,0,1.3,11.5
2/1/2023,7.9,0,1.8,12.4
1/31/2023,5,0.114,2.1,13.2
1/30/2023,5.5,0.162,1.2,10.2
1/29/2023,1.7,0,1.6,8
1/28/2023,3,0,0.8,12.5
1/27/2023,4.6,0.018,0.5,12.7
1/26/2023,2.3,0.303,0.5,11.8
1/25/2023,0.8,0,0.4,9.5
1/24/2023,2.3,0.102,0.5,11.7
1/23/2023,1.9,0,0.6,12.3
1/22/2023,0.7,0,1.1,15
1/21/2023,2,0.135,2,14.9
1/20/2023,2.7,0.24,1.5,9.3
1/19/2023,1.3,0.848,1,7.6
1/18/2023,2,0.113,1,10.1
1/17/2023,2.2,0.542,0.5,10.6
1/16/2023,5.3,5.725,1.2,22.4
1/15/2023,7.1,2.37,1,20.8
1/14/2023,10.1,8.118,0.6,20.4
1/13/2023,9.3,2.81,1.1,16.5
1/12/2023,10.6,0.549,0.8,17
1/11/2023,10.8,3.12,1.1,14.8
1/10/2023,6.9,1.794,0.5,13.1
1/9/2023,7,2.978,0.9,16.7
1/8/2023,9.4,0.615,1,15.4
1/7/2023,9.9,1.014,1,16.9
1/6/2023,11.3,0.011,0.8,11.7
1/5/2023,12.4,0.628,0.8,12.5
1/4/2023,11.7,0.988,0.6,16.2
1/3/2023,7.5,0.579,1.1,14
1/2/2023,10.6,3.323,0.8,12.6
1/1/2023,13,1.071,0.5,16.8
12/31/2022,15.1,0.295,1.1,19.1
12/30/2022,10,2.028,0.4,19.5
12/29/2022,10,4.69,1.4,19
12/28/2022,10.1,1.332,0.7,19.2
12/27/2022,6.2,0,0.8,11
12/26/2022,9.8,1.513,0.9,13.3
12/25/2022,11.5,0.134,0.7,12.6
12/24/2022,10.7,0.641,0.7,8.8
12/23/2022,13.4,3.042,0.8,15.4
12/22/2022,12.3,7.894,0.7,16.9
12/21/2022,10.4,6.564,0.7,13.5
12/20/2022,11.2,6.254,0.5,10.8
12/19/2022,8.7,0.93,0.6,11.7
12/18/2022,-1.9,1.989,0.9,9.8
12/17/2022,-2,0,1.2,7.5
12/16/2022,-0.7,0,0.9,8.9
12/15/2022,-0.5,0,1.2,11.9
12/14/2022,0.4,0.165,1.2,7.2
12/13/2022,-1.2,0,1.3,9.3
12/12/2022,-1.7,0,1.4,10.9
12/11/2022,-1.5,0,1.7,9.8
12/10/2022,1.3,0,1.2,7.1
12/9/2022,1.7,0,1.3,7.7
12/8/2022,2.9,0,0.7,5.1
12/7/2022,3.3,0.012,1.2,5.9
12/6/2022,3.2,0,0.1,6.9
12/5/2022,2.3,1.659,0.6,7.2
12/4/2022,3.1,0.407,0.6,10.9
12/3/2022,3.2,0.179,0.5,12.6
12/2/2022,4.5,1.399,0.7,13.1
12/1/2022,5.3,0,0.9,11.6
11/30/2022,6.2,0,0.8,9.3
11/29/2022,7.1,0,1,4.7
11/28/2022,8.8,4.103,1.5,9.2
11/27/2022,7.5,0.826,0.7,10.6
11/26/2022,6.3,0.114,1,10.2
11/25/2022,9.2,0.565,1.2,11.2
11/24/2022,9.9,0.12,0.9,15
11/23/2022,8.3,4.524,1.3,13.7
11/22/2022,7.9,0.557,0.9,17
11/21/2022,6.9,2.563,0.7,14.7
11/20/2022,7.2,1.139,1.3,13.1
11/19/2022,7.8,0.318,1.4,9.3
11/18/2022,9.2,0.541,1.2,12.2
11/17/2022,11.9,2.559,1.1,19.6
11/16/2022,10.8,5.768,1.2,20.2
11/15/2022,10.6,3.159,0.8,11.1
11/14/2022,8.9,0.024,1.6,8.6
11/13/2022,9.5,0.102,1.8,6.7
11/12/2022,10.2,0.263,1.7,5
11/11/2022,9.8,0,2.1,9.4
11/10/2022,9,0.036,1.1,9.8
11/9/2022,12.2,0.434,1.9,12.2
11/8/2022,13.3,0.102,1.9,14.4
11/7/2022,13.3,0.14,2,13
11/6/2022,9.9,7.728,0.7,10.5
11/5/2022,8.6,0.03,1.6,10.8
11/4/2022,10.2,1.2,1.8,13.2
11/3/2022,11.7,2.499,1.2,12.6
11/2/2022,12.5,0.256,1.8,13.1
11/1/2022,14.3,0,2,16.7
10/31/2022,15.6,0.548,1.8,13.8
10/30/2022,15.2,0.047,2,8.4
10/29/2022,18.5,0.033,2.8,9.7
10/28/2022,18.4,0,2,9.1
10/27/2022,17.3,0.114,2.6,9.9
10/26/2022,17.2,0.182,2.5,9.4
10/25/2022,15.4,0,1.7,9.8
10/24/2022,16.5,0.075,2.6,16.3
10/23/2022,17.9,0.012,2.9,15.9
10/22/2022,16.4,0.114,3.1,8.5
10/21/2022,16.5,11.403,2.3,10.6
10/20/2022,17.6,3.913,3,11.7
10/19/2022,17,0.17,3,11.8
10/18/2022,16.8,0.982,1.9,6.2
10/17/2022,17.5,10.523,1.2,9.6
10/16/2022,16.7,0.018,2.7,9.4
10/15/2022,16.3,4.79,2.5,12.4
10/14/2022,15.1,4.497,1.2,10.5
10/13/2022,13.7,3.005,1.9,9.4
10/12/2022,12.8,0,2.8,5.9
10/11/2022,13.2,0,3.8,11.1
10/10/2022,14.1,0,2.8,11.1
10/9/2022,12.2,0,3.9,9.5
10/8/2022,13.3,0,4.7,8
10/7/2022,12.8,0.143,4.4,6.2
10/6/2022,14.3,0.033,4.9,8.5
10/5/2022,15.9,0.053,4.9,16
10/4/2022,12.5,0.153,4.3,6.7
10/3/2022,11.6,0.17,3.4,6.9
10/2/2022,16,2.531,3.2,13.8
10/1/2022,15.9,2.638,5.5,18.3
9/30/2022,12,0.132,4,11.4
9/29/2022,11.2,0.459,3.8,6.3
9/28/2022,12.3,0.363,3.7,8.1
9/27/2022,12,2.505,3.7,12
9/26/2022,12.5,7.426,2.3,13.7
9/25/2022,14.6,0.234,3.9,10.4
9/24/2022,14.8,2.567,2.8,9.2
9/23/2022,15,0,3.9,3.6
9/22/2022,14.4,0,4.8,5.4
9/21/2022,14,0,6,9.4
9/20/2022,12.9,0,4.3,6.3
9/19/2022,13.8,0,4.3,9.8
9/18/2022,13.3,0,5.8,13
9/17/2022,12.7,0,7.3,12
9/16/2022,14.9,0.034,5.2,16
9/15/2022,18.7,0.1,5.3,11.4
9/14/2022,22.1,0.153,5.1,10.5
9/13/2022,22.1,0.478,3.9,8.8
9/12/2022,20.1,0.063,6.1,7.4
9/11/2022,17,0.228,5.1,7.1
9/10/2022,16.3,5.1,4,10.6
9/9/2022,16.9,3.852,3.8,13.5
9/8/2022,17.8,0.514,6.2,14.1
9/7/2022,18.4,3.988,2.6,11.2
9/6/2022,21.3,1.329,6.5,11.6
9/5/2022,22.8,8.005,4.1,9.8
9/4/2022,22,0,6.7,8.8
9/3/2022,20.1,0.018,4.8,12.2
9/2/2022,20.6,0.345,6.1,8.5
9/1/2022,22.2,0,4.9,8.5
8/31/2022,21.7,0,6.5,8.1
8/30/2022,21.4,1.205,9.5,10.1
8/29/2022,22.4,0,7.9,11.8
8/28/2022,20.4,0,11.1,11.4
8/27/2022,20.5,0,8.9,9.4
8/26/2022,21.6,0,7.7,10.8
8/25/2022,24.9,0,4,14.2
8/24/2022,25.5,0,9,6.8
8/23/2022,22.9,0,4.1,5.6
8/22/2022,21.2,0,5.5,8
8/21/2022,20.7,0,7.6,9.2
8/20/2022,19.4,0.033,9.6,7
8/19/2022,20.4,0.533,3.4,9.5
8/18/2022,21.9,0.153,7.5,11.3
8/17/2022,20.1,0.234,10.4,7.2
8/16/2022,21,33.946,5.8,8.2
8/15/2022,20.6,0.207,11.7,8
8/14/2022,22.7,10.146,4.4,11.2
8/13/2022,26.6,0,10,10.3
8/12/2022,27,0,10.7,11.8
8/11/2022,26.5,0,10,12.7
8/10/2022,26,0,10.8,13.5
8/9/2022,24,0,11,11.7
8/8/2022,22.4,0,11.2,12
8/7/2022,21,0,11.6,12.3
8/6/2022,19.6,0,11.7,12.8
8/5/2022,20.6,7.648,7.3,13.5
8/4/2022,24,0.382,6.9,11.4
8/3/2022,27.8,0,10.5,7
8/2/2022,24.4,0,10.5,6.9
8/1/2022,22.6,0,8.2,6.2
7/31/2022,22.8,0,12.8,9.7
7/30/2022,24.4,0,10,8.8
7/29/2022,23.1,0,10,7.2
7/28/2022,21.3,0,9.1,10
7/27/2022,20,0,7.1,11.1
7/26/2022,19.6,0,7.4,10.7
7/25/2022,23.4,0,12,14.3
7/24/2022,25.5,0,12.5,9.2
7/23/2022,21.6,0,12.3,8.4
7/22/2022,21,1.112,5.2,7.9
7/21/2022,21.6,0.024,9.4,7.4
7/20/2022,21.2,7.035,6.9,10.4
7/19/2022,31.1,0,10.9,16.8
7/18/2022,28.8,0,11.9,7.2
7/17/2022,24.7,0,12.5,8.3
7/16/2022,22.6,0,12.7,9.9
7/15/2022,21.6,0,13,11.5
7/14/2022,25.5,0,13.1,13.1
7/13/2022,28.3,0,12.7,12.6
7/12/2022,26.2,0,12.7,7.5
7/11/2022,23.8,0,12.5,9.8
7/10/2022,20.9,0,13.4,12.9
7/9/2022,22.7,0,10.9,14.2
7/8/2022,19.7,0,13.5,8.8
7/7/2022,18.9,0,4.7,11.5
7/6/2022,20.1,0,13.5,11.1
7/5/2022,19.4,0,13.2,11.8
7/4/2022,19.7,0,13.6,11.4
7/3/2022,19.3,0,12.9,9.3
7/2/2022,19.9,0.012,14.3,9.9
7/1/2022,16.6,0.036,7.8,7.2
6/30/2022,15.3,9.466,4.9,9.2
6/29/2022,20.8,0,11.6,10.3
6/28/2022,20.7,0,14.4,7.1
6/27/2022,18.8,0,10.9,10.8
6/26/2022,17.2,0,5.9,8.6
6/25/2022,17.3,0.6,4,10
6/24/2022,20.9,6.941,10.2,14.1
6/23/2022,22.8,0.667,8.8,9.4
6/22/2022,20.5,0,10.6,10.2
6/21/2022,20.6,0.752,9.7,8.6
6/20/2022,17.8,11.796,10.8,12.8
6/19/2022,20.4,1.257,11.5,17.2
6/18/2022,29.1,0,13,9.2
6/17/2022,26.5,0,12.4,6
6/16/2022,23.8,0,12.6,7.9
6/15/2022,23.4,0,13,8.8
6/14/2022,20.3,0,14.2,8
6/13/2022,17.7,0,13.4,8.7
6/12/2022,18.8,0,13.7,10.7
6/11/2022,20.4,0.024,13.3,10.5
6/10/2022,19.2,0,8.5,11.2
6/9/2022,16.8,0.102,11.4,9.9
6/8/2022,17.3,10.603,8.6,15.2
6/7/2022,18.5,0.346,11.8,12.5
6/6/2022,17.6,0,9.2,10
6/5/2022,18.5,0.719,9.5,11.8
6/4/2022,19.7,24.546,2.8,10.1
6/3/2022,18.7,1.761,4.8,7.6
6/2/2022,18.4,0,23.4,9.8
6/1/2022,16.2,0,10.7,9.5
5/31/2022,16.3,0,10.1,10.2
5/30/2022,13.7,0,9.9,9.3
5/29/2022,12.7,0,8.1,12.3
5/28/2022,15.3,0,10.1,14.1
5/27/2022,16.5,0,9.9,9.6
5/26/2022,16.5,0,7.8,9.8
5/25/2022,15.1,0.018,4.7,11.8
5/24/2022,14.3,2.424,10.4,13.3
5/23/2022,16.6,4.799,3.9,10.7
5/22/2022,18.7,0,6.1,10.2
5/21/2022,17.8,0.018,12.4,6.2
5/20/2022,17.8,3.154,6.7,15.3
5/19/2022,22.6,0.313,11.6,13.9
5/18/2022,23.3,0.079,10.1,9.2
5/17/2022,22.8,0,23.9,8.4
5/16/2022,20,0.75,8.1,8.4
5/15/2022,21.2,2.559,8.5,12.1
5/14/2022,17.4,0,10,7.3
5/13/2022,16.1,0,11.7,9.6
5/12/2022,16.7,0,6.9,9.3
5/11/2022,19.5,0,11.4,15.5
5/10/2022,21.1,0,11.6,13.3
5/9/2022,18.6,0,10.1,6.7
5/8/2022,16,0,10.5,10.4
5/7/2022,16,0,10.8,8.6
5/6/2022,15.8,0.012,7.5,8.4
5/5/2022,14.2,0.033,6.4,11.2
5/4/2022,13.7,0.445,4.6,10.6
5/3/2022,14.3,0,6.6,11.9
5/2/2022,13.6,0,6.6,10.3
5/1/2022,12,0,10.4,9.5
4/30/2022,11.9,0,9.9,11.7
4/29/2022,15,0,10.7,12.1
4/28/2022,15,0,7.7,11.5
4/27/2022,12.6,0,9.9,12.6
4/26/2022,11.1,0.012,12.5,8.9
4/25/2022,12.6,0,9.9,11.5
4/24/2022,14.6,0,4.2,9.8
4/23/2022,14.3,0.745,7.1,12.5
4/22/2022,14.7,0,7.9,12.1
4/21/2022,14.5,0,9.5,12
4/20/2022,13.6,0,7.5,12.5
4/19/2022,12.8,0,8.6,11.1
4/18/2022,14.3,0,7.2,11.2
4/17/2022,14.5,0,8.8,9.9
4/16/2022,14.7,0,9.3,13
4/15/2022,15.8,0,8.6,10.1
4/14/2022,15.4,0.135,8,6.9
4/13/2022,13.9,7.356,4,6
4/12/2022,15.8,0,5.7,16.1
4/11/2022,12,0,7.4,11.5
4/10/2022,7.9,0,6.8,8.5
4/9/2022,6.1,2.943,5.5,10
4/8/2022,6.1,35.398,1.4,17.2
4/7/2022,12.1,2.167,6.7,22.1
4/6/2022,10.5,0,4.9,16.2
4/5/2022,10,1.019,1.9,10.5
4/4/2022,5.9,0,2.8,16.1
4/3/2022,5.1,0,4.3,13
4/2/2022,4.1,0,3.1,20.3
4/1/2022,2.2,1.548,1.1,17.8
3/31/2022,6.1,1.107,4.6,19.2
3/30/2022,10.2,3.727,2.6,10
3/29/2022,13.7,0.392,2.9,8.4
3/28/2022,14.5,0,4.5,6.5
3/27/2022,14.3,0,6.5,8.8
3/26/2022,13.4,0,6.5,14
3/25/2022,13.6,0,6.1,11.9
3/24/2022,13.6,0,6.2,7.1
3/23/2022,12,0,6.4,10
3/22/2022,12.6,0,6,13.5
3/21/2022,11.9,0,5.4,9.7
3/20/2022,8.2,0,5.5,10.2
3/19/2022,10.7,0,5.6,14.7
3/18/2022,9.4,0,5.9,18.2
3/17/2022,8.6,0,2.6,12.9
3/16/2022,11.1,0,2.3,12.8
3/15/2022,9.8,3.869,1.4,7.4
3/14/2022,9.3,0,5.1,9.1
3/13/2022,8.8,1.565,2.2,14
3/12/2022,8.3,0.278,2.1,14
3/11/2022,9.7,2.892,1.8,13.1
3/10/2022,10.6,0,4.7,10.3
3/9/2022,8.9,0,3.7,9.9
3/8/2022,5.6,0,4.4,9.9
3/7/2022,3.2,0,4.7,13.7
3/6/2022,5.1,0.012,4.5,14.8
3/5/2022,8.6,0,4,8.6
3/4/2022,9.5,0,2.3,9.2
3/3/2022,9.4,0,4.1,6.4
3/2/2022,8.5,0,3.4,5.7
3/1/2022,7.6,0,2.8,7.1
2/28/2022,5.6,0,3.9,8.9
2/27/2022,4.9,0,4.2,10.8
2/26/2022,5.2,0.102,4.1,12.6
2/25/2022,6,0.035,3.6,11.7
2/24/2022,8.1,2.15,2.7,17.6
2/23/2022,8.7,0,2.1,8.8
2/22/2022,8.9,0.39,2.6,14.3
2/21/2022,8.4,2.594,1.3,21.9
2/20/2022,10.7,0.215,1.8,20.6
2/19/2022,7,0,2,16.7
2/18/2022,10.4,1.784,1.8,22.8
2/17/2022,12.2,0.59,3.1,18.8
2/16/2022,12.2,3.648,2.7,18.2
2/15/2022,7.7,0.402,4.6,16.3
2/14/2022,9.2,2.606,3.9,19
2/13/2022,6.7,0,6.6,15.8
2/12/2022,3.8,0,7.6,10.9
2/11/2022,4.6,0,6.3,7.7
2/10/2022,7.1,0.963,2.8,12.8
2/9/2022,7,0,5.6,5.7
2/8/2022,8.2,0,2,8.8
2/7/2022,7.3,0.434,6.2,15
2/6/2022,8.7,5.868,1.5,20.3
2/5/2022,5.8,0,6.6,11.7
2/4/2022,7.3,0.693,3.1,15.3
2/3/2022,7.6,0,2,10.5
2/2/2022,10,0.023,2.8,13.1
2/1/2022,6.7,0.487,1.5,14.6
1/31/2022,6.6,0.624,3.9,19.8
1/30/2022,8.1,0.046,4.2,7.1
1/29/2022,8.4,0.023,1.7,11
1/28/2022,6.6,0,2.3,7.8
1/27/2022,4.6,0.075,2.1,9.2
1/26/2022,1.8,0,1.5,6.7
1/25/2022,0,0,2.6,4.3
1/24/2022,2.8,0,4.1,7.3
1/23/2022,4,0,1,8.5
1/22/2022,5,0,2.2,7.2
1/21/2022,3.6,0,2.5,10.2
1/20/2022,4.7,0.117,3.8,11.9
1/19/2022,5.3,1.098,1.3,8.5
1/18/2022,4.9,0.102,3.4,10.3
1/17/2022,5.5,0,1.8,4.8
1/16/2022,1.6,0.435,1.5,9.2
1/15/2022,2.3,0.102,3.4,8.6
1/14/2022,3.1,0,3.4,5.7
1/13/2022,2.5,0,1.4,6.8
1/12/2022,2.1,0,1.5,7.6
1/11/2022,1.5,0,3.5,7.8
1/10/2022,3.2,0,1.5,7.1
1/9/2022,5,8.197,1.6,20.1
1/8/2022,6,9.598,1.1,18.2
1/7/2022,5.4,3.208,3.3,16.6
1/6/2022,3.1,0,2.5,9.6
1/5/2022,3.8,0.018,2.3,11.5
1/4/2022,8.6,21.396,1.1,17
1/3/2022,11.3,8.178,1.6,14.3
1/2/2022,11.8,0.102,1.5,16
1/1/2022,10.4,0.08,2.9,8.3
12/31/2021,11.2,0.146,2.8,7.4
12/30/2021,13.7,0,2.2,12.2
12/29/2021,12.3,4.749,0.7,12
12/28/2021,11.4,11.741,2.1,18
12/27/2021,10.3,3.039,1.9,11.5
12/26/2021,9.3,4.874,1.3,8
12/25/2021,9.3,1.885,1.2,5.7
12/24/2021,8.9,4.988,1,6.6
12/23/2021,3.8,0,2.1,8.7
12/22/2021,-1,0,1.6,9
12/21/2021,1.7,0.018,2.5,7.8
12/20/2021,5.3,0,0.8,10.1
12/19/2021,5.2,0,0.9,10.3
12/18/2021,5.8,0,2.4,10.6
12/17/2021,7.2,0,1.2,11.8
12/16/2021,8.9,0,1.1,7.5
12/15/2021,7.6,0,1.2,4.9
12/14/2021,6.4,0,1.2,5.7
12/13/2021,7.9,0,1.2,9.2
12/12/2021,8.7,0.992,1.6,8.4
12/11/2021,5,0,2,9.5
12/10/2021,6.5,14.911,1.8,17.4
12/9/2021,4.5,0.482,3.4,14.1
12/8/2021,5.3,0.035,2.5,12.8
12/7/2021,5.5,1.52,1.2,18
12/6/2021,6,0.998,2.3,15.3
12/5/2021,4.8,3.503,1.6,11.8
12/4/2021,8.9,8.974,1.7,18.8
12/3/2021,3.4,7.13,0.8,13.7
12/2/2021,4.9,0.059,2.5,12.9
12/1/2021,8.8,2.659,1.8,15.2
11/30/2021,6,0.1,1,14.7
11/29/2021,2.8,0,3.1,8.6
11/28/2021,4.4,0.974,1.4,16.3
11/27/2021,3.2,3.712,1.5,13
11/26/2021,5.2,1.127,1.8,15.9
11/25/2021,5.3,0.102,1.4,9.2
11/24/2021,4.2,0,2.4,8.2
11/23/2021,4.7,0,3.3,13.5
11/22/2021,5.5,0.018,3,16.4
11/21/2021,6.8,1.326,1.3,11.8
11/20/2021,7.2,0,1,7.4
11/19/2021,8.5,0,1.5,6.5
11/18/2021,7.3,0.102,4.1,5.5
11/17/2021,9.8,0.054,2.7,7
11/16/2021,7,0.102,1.2,7.3
11/15/2021,6.7,0.042,1.3,9.5
11/14/2021,10.5,0.04,2.2,10
11/13/2021,11.1,0.904,2.2,8.4
11/12/2021,6.1,0.018,4,8.8
11/11/2021,3.8,0,4.5,4.7
11/10/2021,4.7,0.102,4.5,5.3
11/9/2021,6.6,0,4.7,4
11/8/2021,8,0,5,5.7
11/7/2021,9.7,0.191,3.6,9.7
11/6/2021,6.8,0,5.8,7.4
11/5/2021,8.9,0,5.4,8.7
11/4/2021,7.8,3.064,4.1,11
11/3/2021,8.6,3.674,6.4,8.6
11/2/2021,9.3,0.173,7.6,10.8
11/1/2021,9.8,2.425,5.9,12.6
10/31/2021,12.1,3.461,2.4,15
10/30/2021,12.9,6.04,2.9,11.3
10/29/2021,12.1,3.757,2.1,13.2
10/28/2021,11.6,0.168,7.4,12.7
10/27/2021,11.4,0.113,7.2,7.2
10/26/2021,11.7,0.047,5,8.8
10/25/2021,10.3,0.79,3.8,7.4
10/24/2021,8.4,0.018,8.2,9.3
10/23/2021,10.5,1.487,6.8,5.2
10/22/2021,8.3,0.018,6.1,9.1
10/21/2021,11.7,9.807,4.7,30.7
10/20/2021,17,0.464,4.9,21.5
10/19/2021,18.1,0.42,7.1,11.5
10/18/2021,12.1,1.542,5.8,9.7
10/17/2021,10.5,0.018,8.6,9.6
10/16/2021,12.2,0.126,9.9,5.6
10/15/2021,11.6,0,8.7,5.5
10/14/2021,10.4,0.102,10.9,5.8
10/13/2021,11.1,0.011,10.7,7.7
10/12/2021,11.4,0.018,7.2,9.1
10/11/2021,13.1,0.033,8.4,10.6
10/10/2021,12.1,0.029,10.9,8.1
10/9/2021,13.2,0.113,12,9.3
10/8/2021,13.3,0.051,12.7,10.3
10/7/2021,12.6,0.018,8.5,5.9
10/6/2021,13.1,0.601,12.6,13.4
10/5/2021,13.4,6.29,7.3,16.9
10/4/2021,13.5,0.102,8.9,12.2
10/3/2021,14.9,21.116,5.7,18.3
10/2/2021,14.6,2.166,5,20.2
10/1/2021,12.5,3.401,4.3,12.9
9/30/2021,12.1,0.018,12.5,11.5
9/29/2021,13.8,0.805,11.2,14.8
9/28/2021,13.8,0.051,11.2,7.8
9/27/2021,16,3.108,7.7,11.8
9/26/2021,17.7,8.903,6.5,10
9/25/2021,17.2,0.114,11,7.4
9/24/2021,16.7,0.011,11.5,5.8
9/23/2021,16,0.018,15.4,6.6
9/22/2021,15.1,0,15.6,7.4
9/21/2021,14.8,0.023,13,10.8
9/20/2021,15.9,13.857,8.2,9.7
9/19/2021,18,0.208,12.3,10.3
9/18/2021,18.4,0.081,13.1,7.1
9/17/2021,17.4,0.011,14.6,6.6
9/16/2021,18,0,12.1,6.9
9/15/2021,18.8,12.807,5.4,9.2
9/14/2021,19.9,6.926,8.3,9
9/13/2021,19.4,0,15.9,9.4
9/12/2021,17.8,0,13.7,6.3
9/11/2021,18.2,0,14.4,9
9/10/2021,19.5,1.397,12.1,9.4
9/9/2021,22,2.348,10.6,10.6
9/8/2021,23.1,0.33,17.1,9.2
9/7/2021,23.1,0,18,12.9
9/6/2021,23.3,0,17.8,7.5
9/5/2021,22.2,1.24,18,6.9
9/4/2021,21.2,0.094,14.3,7.3
9/3/2021,20.7,0,18.3,7.5
9/2/2021,18.3,0,19,13
9/1/2021,17.8,0,18.2,14.2
8/31/2021,18.9,0,14.5,11.8
8/30/2021,18,0.126,7.1,11.3
8/29/2021,16.4,0,9.9,10.2
8/28/2021,16.9,0,11.9,12.3
8/27/2021,17.5,0,13.6,10.9
8/26/2021,17.2,0,10.4,11.7
8/25/2021,19,0,20.1,12.7
8/24/2021,19,0.045,19.2,14.8
8/23/2021,18.1,0.136,7.3,12.6
8/22/2021,18.8,0.047,14.5,11.8
8/21/2021,20.6,0,10.2,10.3
8/20/2021,18.9,0,15,5.3
8/19/2021,17.7,0,8.6,7.6
8/18/2021,17.9,0.034,9,8.5
8/17/2021,16.2,0,8.9,11.6
8/16/2021,18.4,0.234,10.9,14.5
8/15/2021,23.2,0,19.1,12.4
8/14/2021,22.5,0,22.6,7.3
8/13/2021,22.7,0,21.7,8.7
8/12/2021,23.2,0,19.7,8.5
8/11/2021,21.2,0,18.7,5.5
8/10/2021,19.8,1.781,10.4,8.8
8/9/2021,17.9,0.088,11,12.3
8/8/2021,17.1,0.041,20.1,13.8
8/7/2021,16.8,5.739,13.9,17
8/6/2021,18.8,0.065,11,14.2
8/5/2021,18.9,0.565,13,14.5
8/4/2021,16.5,0.145,11.3,7.5
8/3/2021,16.8,3.435,14.4,10.5
8/2/2021,18,2.518,11.5,9.9
8/1/2021,18.4,0.535,21.4,9.3
7/31/2021,18.3,0.208,15,9.6
7/30/2021,18.7,0,16.5,15.5
7/29/2021,18.5,0,17.5,10.1
7/28/2021,18.8,1.414,19.4,13
7/27/2021,17.7,5.226,7.3,11.2
7/26/2021,18.6,4.645,13.1,10.1
7/25/2021,18.5,6.943,12.4,10.6
7/24/2021,21.9,0.855,15.8,11.3
7/23/2021,23.9,0.012,19.8,11.4
7/22/2021,23.8,0,24.6,11.5
7/21/2021,24,0,24.2,9.8
7/20/2021,23.7,0,24.7,9.2
7/19/2021,24.4,0,23.8,12.5
7/18/2021,23.1,0,25.7,14.2
7/17/2021,19,0,17.6,10.6
7/16/2021,18,0,12.8,12.2
7/15/2021,20.1,0,14.7,14.5
7/14/2021,17.5,10.275,11.7,14.4
7/13/2021,17.1,33.971,4.9,10.3
7/12/2021,18.5,8.753,8.3,9.5
7/11/2021,18.7,0,15.2,5.9
7/10/2021,17.8,0.42,9.7,10.3
7/9/2021,18.8,0,13.2,5.9
7/8/2021,18.4,0,16.5,8.5
7/7/2021,18.7,0.088,16.6,10
7/6/2021,19.3,0.033,17.3,16.5
7/5/2021,18.3,2.678,10.2,11.6
7/4/2021,18.6,8.863,12.6,12.7
7/3/2021,20.9,0,14.1,8.8
7/2/2021,21.2,0,17.9,7.6
7/1/2021,17.8,0,16.5,7.1
6/30/2021,15.6,3.019,8.1,9.9
6/29/2021,16,2.567,10.3,6.5
6/28/2021,19.6,1.649,17.6,9.9
6/27/2021,19.6,2.35,9.8,8
6/26/2021,17.9,3.805,14.4,7.9
6/25/2021,16.4,4.294,9.4,8.8
6/24/2021,15.9,0,22,8.8
6/23/2021,14.3,0,3.8,11
6/22/2021,15.8,11.946,3.4,13.7
6/21/2021,20.3,0.422,21.2,11.9
6/20/2021,20,3.028,20.8,9
6/19/2021,20.6,16.804,9.3,14.5
6/18/2021,22,3.445,19.9,15.9
6/17/2021,23.4,18.419,15.6,15.6
6/16/2021,26.2,0,22.9,7.9
6/15/2021,23.9,0.035,26.1,6.8
6/14/2021,23.4,0,27.1,9.2
6/13/2021,20.8,0,27,11.8
6/12/2021,19.8,0.024,14.7,8.5
6/11/2021,21.6,0,25.7,8.8
6/10/2021,22.2,0,25.1,9.4
6/9/2021,21.5,0,20.5,7.9
6/8/2021,19.9,0,23.5,7.5
6/7/2021,18.8,0,26.7,8.2
6/6/2021,17.5,0.033,23.6,8.9
6/5/2021,16.1,0.012,12.9,11
6/4/2021,17.9,33.173,10.5,10
6/3/2021,21.5,1.082,18.6,9.1
6/2/2021,21.6,1.765,19.6,12.1
6/1/2021,20.8,0,26.4,9.8
5/31/2021,19.2,0,26.6,11.6
5/30/2021,18.1,0.012,26.4,10.5
5/29/2021,17.6,0,22.8,10.6
5/28/2021,16.6,0.023,23.9,10.1
5/27/2021,14.6,0,22.6,4.8
5/26/2021,12.2,9.318,15.5,13.4
5/25/2021,11.3,3.54,16.2,15.2
5/24/2021,11.5,2.957,15.4,15
5/23/2021,12.8,0,17.2,13.8
5/22/2021,11.9,1.72,20.7,16.3
5/21/2021,13.8,0.382,17.3,18.3
5/20/2021,12.7,0,14.6,17.9
5/19/2021,11.9,4.619,15.5,15.4
5/18/2021,12.4,1.592,15,11.1
5/17/2021,12.5,3.02,14.9,12.7
5/16/2021,12.1,5.053,13.3,17.7
5/15/2021,11.7,6.727,13.5,13.1
5/14/2021,10.8,5.312,10,11.5
5/13/2021,12.2,3.321,16.6,9.6
5/12/2021,12.1,0,13.2,10.3
5/11/2021,12.7,0.903,14.7,13.2
5/10/2021,15.3,3.916,17.9,14.1
5/9/2021,19.1,0.85,19.6,15.7
5/8/2021,14.8,0,16.9,14.4
5/7/2021,10.3,0.126,22.1,8.3
5/6/2021,8.4,6.029,6.9,7.5
5/5/2021,8.7,0.659,16.1,14.3
5/4/2021,12,0.187,11,18.1
5/3/2021,11.2,0,18.9,14.1
5/2/2021,8.8,0.626,17.8,9.4
5/1/2021,9.4,0.219,10.1,8.6
4/30/2021,10.3,0,9.2,8.3
4/29/2021,10.1,0.317,12.1,9.5
4/28/2021,13.2,0.567,17.7,13.4
4/27/2021,12.7,0,23.3,10.4
4/26/2021,12,0,23,15.2
4/25/2021,12.1,0,23,17.3
4/24/2021,13.5,0,23,13.2
4/23/2021,13,0,22.8,11.9
4/22/2021,11.8,0,22.2,12.7
4/21/2021,13.1,0.293,15.9,11.5
4/20/2021,12.8,0,18.8,6.9
4/19/2021,10.8,0,20.2,6
4/18/2021,8.8,0,14.6,10.5
4/17/2021,9.1,0,18,13.2
4/16/2021,6.8,0,12.6,12.6
4/15/2021,6.6,0,14,13.4
4/14/2021,7,0,17,11.4
4/13/2021,6.4,0,20.9,11.9
4/12/2021,6.1,0.276,16.2,12.9
4/11/2021,6.3,4.254,5.5,14
4/10/2021,10.3,20.537,4.1,11.6
4/9/2021,9.8,2.8,10.8,11.9
4/8/2021,7.9,0,16,6.6
4/7/2021,4.3,0,18.8,12.3
4/6/2021,3,0.325,14.3,13.8
4/5/2021,5.2,0.035,4.2,14.9
4/4/2021,7.6,0,18.2,13
4/3/2021,7.9,0,12,15.8
4/2/2021,10.2,0,18.6,18.1
4/1/2021,17.5,0,15.5,12.3
3/31/2021,17.2,0,17.5,5.1
3/30/2021,16.4,0,18.5,7.1
3/29/2021,14,0,18,7.5
3/28/2021,11.3,0.024,16.6,12.7
3/27/2021,8.4,0.018,12.1,13.6
3/26/2021,9.1,0.978,7.7,16.8
3/25/2021,9.9,0.676,7.6,7.4
3/24/2021,10.7,0,16.2,10
3/23/2021,7.8,0.023,15.2,4.6
3/22/2021,6.2,0.012,5.6,12.2
3/21/2021,7.2,0.023,6.2,14.3
3/20/2021,5.4,0.058,13.4,10.9
3/19/2021,6,0.433,10.7,19.1
3/18/2021,6.2,0.88,6.4,10.3
3/17/2021,7.3,2.065,5.2,17.7
3/16/2021,7.3,1.54,4,16.2
3/15/2021,8.4,3.014,7.5,15
3/14/2021,7,1.645,8.2,15.5
3/13/2021,8,7.949,9.9,22.6
3/12/2021,7.7,1.744,7.7,18.4
3/11/2021,10.3,4.807,7.9,22.3
3/10/2021,6.6,0.587,7.7,18.4
3/9/2021,6.6,0,11.6,9.4
3/8/2021,3.6,0,12.3,11.3
3/7/2021,4.1,0,12.2,10
3/6/2021,4.4,0,12.1,14.7
3/5/2021,5,0,4.1,14.1
3/4/2021,9.6,0.494,5.7,11.3
3/3/2021,12.1,0.049,8.5,8.2
3/2/2021,9.5,0,10,4.6
3/1/2021,7.8,0,10.9,8.2
2/28/2021,6.6,0,11.3,13.7
2/27/2021,6.6,0,10.4,13.8
2/26/2021,9.3,1.478,6.3,12.7
2/25/2021,12.6,0,8.2,11.6
2/24/2021,13.7,0.102,9.6,11.9
2/23/2021,14.1,0,7,17
2/22/2021,12.5,0,2.6,7.6
2/21/2021,12.7,0,8.1,11.7
2/20/2021,12.5,0,8.4,15.4
2/19/2021,8.7,1.585,6.1,11.9
2/18/2021,7.9,5.034,2.1,12.4
2/17/2021,9.6,0,6.2,12.9
2/16/2021,8.7,0.246,5.2,13.4
2/15/2021,5.5,0.36,3.4,12
2/14/2021,-1.4,0,6.7,12.2
2/13/2021,-3,0,7.7,14.6
2/12/2021,-2.3,0,6.4,18.3
2/11/2021,-3,0,7.4,22.4
2/10/2021,-3.2,0.696,6.2,15.1
2/9/2021,-2.2,0.012,1.2,13.4
2/8/2021,-0.7,0.012,1.5,7.8
2/7/2021,3,3.139,1.1,10.5
2/6/2021,8.1,16.949,1.1,9.6
2/5/2021,9.1,0.047,3.9,6.9
2/4/2021,8.2,0.105,4.3,8.8
2/3/2021,10.4,6.938,4,19.7
2/2/2021,11.2,2.481,3.9,13.4
2/1/2021,8.8,0.475,2.2,11.1
1/31/2021,8.2,7.062,2,9.7
1/30/2021,9.7,10.383,3.5,12.1
1/29/2021,10.5,1.935,3.9,20.6
1/28/2021,11.4,8.254,2.4,15.5
1/27/2021,5,3.43,1.3,12.1
1/26/2021,2.2,0.071,3,11.9
1/25/2021,2.9,0,4.3,14.3
1/24/2021,1.1,2.157,1.7,10.4
1/23/2021,3.6,3.896,2.3,13.1
1/22/2021,6,5.007,4.2,17.6
1/21/2021,8.8,10.417,2.1,25.6
1/20/2021,9.3,0.012,3.8,20.8
1/19/2021,5.7,2.111,3.3,14.9
1/18/2021,4.5,0,4,10.1
1/17/2021,5.3,1.729,2.8,11.5
1/16/2021,0.4,6.786,0.7,13.4
1/15/2021,2,0.131,3.1,17
1/14/2021,9.1,1.391,2.2,16.6
1/13/2021,7.8,1.571,1.3,13.8
1/12/2021,6.9,4.862,1.1,13.6
1/11/2021,2.4,0,1.7,12.2
1/10/2021,0.9,0.047,4.2,8.9
1/9/2021,0.9,0,4.1,11.7
1/8/2021,2.2,0.082,2.2,5.6
1/7/2021,2.8,0.125,1.6,7.1
1/6/2021,3.2,0.047,0.6,8.2
1/5/2021,2.7,0.012,0.6,9.4
1/4/2021,2.8,0.17,0.8,9.6
1/3/2021,2.9,0.023,2.3,8.8
1/2/2021,1.1,0.023,3.4,5.1
1/1/2021,1.4,0.018,3,5.9
