Date,Price,Open,High,Low,Vol.,Change %
2/9/2024,27.115,27.255,27.45,26.65,0.27K,-2.50%
2/8/2024,27.81,28.15,28.505,27.665,0.59K,-1.33%
2/7/2024,28.185,28.225,28.845,28.005,0.28K,-1.47%
2/6/2024,28.605,28.42,29.2,27.8,0.33K,0.94%
2/5/2024,28.34,29.85,29.85,28.08,0.48K,-3.29%
2/2/2024,29.305,28.63,29.54,28.63,1.46K,1.09%
2/1/2024,28.99,30.14,30.715,28.8,1.04K,-4.12%
1/31/2024,30.235,29.49,31.05,29.18,0.20K,2.87%
1/30/2024,29.391,28.05,28.55,28.05,0.09K,4.32%
1/29/2024,28.175,28.54,28.95,28.155,0.21K,0.34%
1/26/2024,28.079,27.14,27.975,26.84,0.06K,1.06%
1/25/2024,27.785,28.8,29.215,27.485,0.12K,-3.96%
1/24/2024,28.93,27.455,29.13,27.445,0.63K,6.26%
1/23/2024,27.225,27.375,27.78,26.725,0.92K,-0.15%
1/22/2024,27.265,27.105,27.8,26.755,0.35K,-4.09%
1/19/2024,28.429,28.6,29.13,28.175,0.29K,1.91%
1/18/2024,27.895,27.675,28.705,27.55,0.38K,0.67%
1/17/2024,27.71,29.135,29.6,27.44,0.22K,-6.56%
1/16/2024,29.655,31.31,31.535,29.32,0.90K,-0.87%
1/15/2024,29.915,31.31,31.52,29.32,0.44K,-6.49%
1/12/2024,31.99,31.46,32.2,30.93,1.42K,3.81%
1/11/2024,30.815,30.7,31,30.235,0.41K,-0.40%
1/10/2024,30.94,31.145,31.45,30.325,0.49K,0.98%
1/9/2024,30.64,30.405,31.8,30.23,0.50K,-2.98%
1/8/2024,31.58,33.75,33.95,31.315,1.34K,-8.60%
1/5/2024,34.55,32.46,35.045,32.46,0.48K,3.41%
1/4/2024,33.41,33.575,33.92,32.125,1.12K,1.88%
1/3/2024,32.795,30.485,33.205,30.485,1.72K,7.28%
1/2/2024,30.57,33.395,33.395,30.07,0.32K,-5.50%
12/29/2023,32.35,33.55,34.065,31.635,0.21K,-2.28%
12/28/2023,33.105,34.015,34.015,34.01,1.00K,-6.79%
12/27/2023,35.515,36.875,36.875,35.5,0.63K,3.92%
12/26/2023,34.175,34.175,34.175,34.175,,0.00%
12/22/2023,34.174,34.56,34.665,33.48,0.70K,-0.09%
12/21/2023,34.205,34.27,36.245,33.97,0.66K,2.04%
12/20/2023,33.52,34.56,34.56,32.905,0.69K,2.92%
12/19/2023,32.57,34.33,34.33,32.18,0.58K,-8.31%
12/18/2023,35.52,33.635,37.385,32.465,2.61K,7.02%
12/15/2023,33.19,33.895,34.43,33.01,0.22K,-4.76%
12/14/2023,34.85,36.65,36.65,34.585,0.41K,-2.68%
12/13/2023,35.81,34.675,36.25,34.675,2.34K,3.18%
12/12/2023,34.705,36.43,36.535,34.535,0.85K,-3.92%
12/11/2023,36.12,36.345,37.155,35.95,1.19K,-6.42%
12/8/2023,38.6,41.275,41.65,38.595,0.14K,-3.43%
12/7/2023,39.97,39.8,40.885,39.61,0.08K,1.67%
12/6/2023,39.315,38.995,39.78,38.92,1.32K,3.09%
12/5/2023,38.135,39.455,39.92,37.94,2.35K,-4.91%
12/4/2023,40.105,41.815,41.9,39.905,0.85K,-7.80%
12/1/2023,43.496,42.795,44.12,41.745,1.01K,3.34%
11/30/2023,42.09,40.44,43.03,40.375,1.66K,4.29%
11/29/2023,40.36,41.275,41.275,39.57,0.22K,-5.65%
11/28/2023,42.775,44.095,44.095,42.07,4.86K,-2.75%
11/27/2023,43.985,45.045,45.045,43.74,1.24K,-5.72%
11/24/2023,46.655,46.25,47.18,44.93,0.36K,0.16%
11/23/2023,46.58,46.25,47.075,44.93,0.14K,4.40%
11/22/2023,44.615,44.05,45.13,43.355,0.25K,1.25%
11/21/2023,44.065,46.175,46.175,43.205,1.49K,-3.83%
11/20/2023,45.82,47.035,47.52,45.21,0.85K,1.68%
11/17/2023,45.064,46.1,46.75,44.85,0.29K,-1.71%
11/16/2023,45.85,46.47,47.82,45.485,0.24K,-2.52%
11/15/2023,47.035,48.495,49.38,46.485,0.35K,-1.21%
11/14/2023,47.61,46.895,48,46.065,1.54K,-0.55%
11/13/2023,47.875,45.94,47.995,44.565,0.20K,2.67%
11/10/2023,46.63,47.045,47.355,45.735,0.27K,-3.12%
11/9/2023,48.13,45.01,49.06,45.01,1.56K,5.14%
11/8/2023,45.775,45.75,46.21,45,0.91K,-0.61%
11/7/2023,46.055,45.24,47.05,45.005,2.22K,2.73%
11/6/2023,44.83,47,47,44.695,2.34K,-6.71%
11/3/2023,48.057,49.225,50.37,46.96,2.33K,-1.05%
11/2/2023,48.565,48.175,49.345,46.225,2.26K,1.70%
11/1/2023,47.755,46.59,48.945,46.45,3.92K,-0.52%
10/31/2023,48.005,51.49,51.96,47.65,2.90K,-5.03%
10/30/2023,50.547,54.425,54.425,50.9,0.04K,0.03%
10/27/2023,50.53,51,51.595,49.85,0.23K,-0.55%
10/26/2023,50.81,51,52.2,49.51,2.15K,1.77%
10/25/2023,49.925,50.28,51.105,48.91,0.80K,1.34%
10/24/2023,49.265,50.6,53.025,48.49,2.20K,-3.92%
10/23/2023,51.275,48.23,51.61,48.23,0.19K,0.32%
10/20/2023,51.112,52.845,52.845,49.51,1.69K,1.88%
10/19/2023,50.17,48.93,50.61,46.835,0.58K,-1.31%
10/18/2023,50.835,48.9,51.575,47.65,0.39K,3.97%
10/17/2023,48.895,48.21,49.39,46.405,0.20K,0.89%
10/16/2023,48.465,52.665,52.985,48.26,0.69K,-10.22%
10/13/2023,53.982,53.31,55.67,51.185,0.52K,1.85%
10/12/2023,53,45.795,53.165,45.345,1.73K,15.04%
10/11/2023,46.07,48.685,49.53,45.675,3.01K,-6.84%
10/10/2023,49.455,46.01,49.73,45.23,2.09K,12.51%
10/9/2023,43.955,41.17,44.535,40.62,0.86K,14.97%
10/6/2023,38.231,36,38.515,35.915,2.78K,5.60%
10/5/2023,36.205,37.62,37.62,36.05,1.07K,-5.81%
10/4/2023,38.44,37.6,38.645,36.965,1.34K,3.93%
10/3/2023,36.985,37.89,37.89,35.88,1.98K,-5.97%
10/2/2023,39.335,40.61,40.61,38.555,1.43K,-6.03%
9/29/2023,41.859,43,43,41.23,2.02K,5.34%
9/28/2023,39.736,40.63,41.6,39.5,1.78K,1.12%
9/27/2023,39.295,39,39.8,38.72,0.34K,-2.54%
9/26/2023,40.32,42.85,42.98,39.3,0.83K,-9.27%
9/25/2023,44.44,39.475,44.73,39.475,0.49K,11.68%
9/22/2023,39.791,39.915,41.735,39.455,2.93K,1.75%
9/21/2023,39.105,35.695,39.335,35.695,4.22K,4.88%
9/20/2023,37.285,38.575,39.27,35.675,2.60K,1.37%
9/19/2023,36.78,34.25,37.49,34.05,1.54K,6.69%
9/18/2023,34.475,34.495,35.82,33.95,2.55K,-5.51%
9/15/2023,36.485,35.13,36.71,34.815,2.24K,2.72%
9/14/2023,35.52,37.45,37.72,35.18,2.22K,-3.52%
9/13/2023,36.815,35.27,37.975,35.27,1.87K,6.10%
9/12/2023,34.7,35.13,36.575,34.335,1.24K,-3.21%
9/11/2023,35.85,36.54,37.71,35.605,1.66K,3.88%
9/8/2023,34.51,35.09,36.86,33.985,1.93K,5.36%
9/7/2023,32.755,30.955,33.11,30.57,0.19K,5.41%
9/6/2023,31.075,33.68,34.1,30.8,2.98K,-9.80%
9/5/2023,34.45,36.25,37,32.925,3.02K,1.94%
9/4/2023,33.795,36.25,37,33.025,1.95K,-5.12%
9/1/2023,35.617,35.75,37.155,34.315,3.05K,1.68%
8/31/2023,35.03,39,39,34.82,2.85K,-2.67%
8/30/2023,35.992,34.425,36.1,34.425,3.14K,2.26%
8/29/2023,35.195,36.885,36.885,34.805,1.95K,-8.38%
8/28/2023,38.415,35.495,38.48,35.495,0.11K,10.47%
8/25/2023,34.775,34.3,35.7,33.56,0.45K,8.88%
8/24/2023,31.94,33.165,33.48,31.725,0.50K,-13.17%
8/23/2023,36.785,41.65,42.495,36.475,0.72K,-14.27%
8/22/2023,42.91,39.355,44.7,39.355,5.92K,5.22%
8/21/2023,40.78,38.575,40.87,38.48,0.43K,12.00%
8/18/2023,36.41,36.265,37.75,35.685,0.55K,-1.13%
8/17/2023,36.825,37.15,39.325,36.325,0.59K,-2.54%
8/16/2023,37.785,41.83,41.83,37.16,1.42K,-2.65%
8/15/2023,38.815,36.835,40.5,36.2,1.70K,12.72%
8/14/2023,34.435,36.65,36.655,33.725,0.46K,-2.45%
8/11/2023,35.3,37,37.025,35.18,0.67K,-4.74%
8/10/2023,37.055,37.095,39.465,36.59,1.30K,-6.96%
8/9/2023,39.825,33.15,43.245,33.15,0.67K,28.20%
8/8/2023,31.065,29.81,31.695,29.785,0.82K,1.90%
8/7/2023,30.485,29.8,31.07,29.55,1.38K,5.66%
8/4/2023,28.853,29.5,29.785,28.645,1.45K,-5.32%
8/3/2023,30.475,29.875,31.35,29.68,2.08K,6.04%
8/2/2023,28.74,27.3,29.155,27.3,2.30K,5.95%
8/1/2023,27.125,29.115,29.115,26.98,2.04K,-4.37%
7/31/2023,28.365,27.805,28.925,27.17,0.62K,9.77%
7/28/2023,25.841,27.275,27.275,26.05,1.29K,-9.12%
7/27/2023,28.435,29.25,29.45,28.105,0.45K,-2.87%
7/26/2023,29.275,32.78,32.78,29.065,0.64K,-10.34%
7/25/2023,32.65,30.22,32.87,30.22,0.28K,6.86%
7/24/2023,30.555,28.15,30.425,28.15,0.28K,8.49%
7/21/2023,28.164,30,30.53,28.615,0.22K,0.51%
7/20/2023,28.02,25.54,27.915,25.54,0.48K,3.91%
7/19/2023,26.965,27.155,28.13,25.59,0.88K,-0.39%
7/18/2023,27.07,26,27.495,25.265,1.76K,7.85%
7/17/2023,25.1,24.465,25.785,24.465,3.05K,-3.30%
7/14/2023,25.957,27.57,28.7,25.11,1.82K,-2.44%
7/13/2023,26.605,26.885,27.545,26.23,0.37K,-0.13%
7/12/2023,26.64,28.455,28.58,26.32,1.54K,-8.33%
7/11/2023,29.06,29.93,29.93,28.91,0.54K,-3.85%
7/10/2023,30.225,32.83,32.83,29.555,0.77K,-9.72%
7/7/2023,33.478,33.3,33.585,32.705,0.26K,3.49%
7/6/2023,32.35,33.24,33.24,32.3,1.41K,-5.89%
7/5/2023,34.375,33.825,36.11,33.805,0.30K,1.31%
7/3/2023,33.93,37.82,37.82,33.995,0.40K,-8.55%
6/30/2023,37.103,35.195,37.65,35.195,0.13K,5.47%
6/29/2023,35.18,32.3,33.05,32.3,0.04K,3.09%
6/28/2023,34.125,33.8,34.4,33.8,0.03K,-1.10%
6/27/2023,34.505,32.905,32.905,32.35,0.06K,7.91%
6/26/2023,31.975,34.305,34.305,34.155,0.08K,-1.64%
6/23/2023,32.507,32.64,33,32.385,0.27K,-4.66%
6/22/2023,34.095,36.9,36.935,34.055,0.53K,-7.21%
6/21/2023,36.745,36.8,38.96,36.77,2.09K,-5.08%
6/20/2023,38.71,32.65,39.35,31.88,0.31K,10.57%
6/16/2023,35.01,34.55,37.05,32.4,0.10K,-14.91%
6/15/2023,41.145,37.35,43.53,37.35,0.18K,7.40%
6/14/2023,38.31,34.125,40.055,34.125,0.19K,6.27%
6/13/2023,36.05,33.65,35.15,33.65,0.04K,16.16%
6/12/2023,31.035,31.605,32.045,29.4,0.20K,-3.17%
6/9/2023,32.05,27.15,33.015,27.15,0.28K,18.95%
6/8/2023,26.945,26.55,28.5,26.05,0.42K,2.34%
6/7/2023,26.33,25.35,26.99,25.2,0.74K,5.91%
6/6/2023,24.86,28.3,28.3,24.775,0.33K,-12.71%
6/5/2023,28.48,24.25,28.695,24.25,0.08K,20.22%
6/2/2023,23.69,23.75,23.845,23.125,0.30K,2.53%
6/1/2023,23.105,25.2,25.2,23.43,0.20K,-13.95%
5/31/2023,26.85,25.495,27.95,25.495,0.04K,8.79%
5/30/2023,24.681,24.681,24.681,24.681,,0.66%
5/26/2023,24.52,25.435,25.435,23.79,0.10K,-3.65%
5/25/2023,25.45,26.9,26.9,25.29,0.04K,-8.40%
5/24/2023,27.785,28.63,28.63,28.63,0.05K,-4.60%
5/23/2023,29.125,29.125,29.125,29.125,0.04K,-1.97%
5/22/2023,29.71,30.2,30.2,30.2,0.17K,-1.54%
5/19/2023,30.175,30.175,30.175,30.175,,1.31%
5/18/2023,29.785,29.985,29.985,29.975,0.09K,-6.79%
5/17/2023,31.955,32.6,32.6,32.175,0.15K,0.42%
5/16/2023,31.82,32.35,32.93,31.635,0.44K,-1.53%
5/15/2023,32.315,32.305,33.6,32,0.28K,-1.37%
5/12/2023,32.765,33.95,33.95,32.35,0.43K,-6.37%
5/11/2023,34.995,34.9,35.16,34.67,0.43K,0.00%
5/10/2023,34.995,35.7,36,34.74,0.21K,-2.66%
5/9/2023,35.95,36.625,36.91,35.8,0.26K,-2.51%
5/8/2023,36.875,36.85,37.25,36.85,0.03K,0.82%
5/5/2023,36.575,35.925,36.79,35.925,0.34K,2.58%
5/4/2023,35.655,36.95,36.95,35.7,0.45K,-3.06%
5/3/2023,36.78,37.495,37.495,36.4,0.41K,-2.00%
5/2/2023,37.53,37.86,38.05,37.275,0.24K,-3.36%
5/1/2023,38.835,38.835,38.835,38.835,0.01K,0.77%
4/28/2023,38.54,39.8,39.8,38.3,0.00K,-1.28%
4/27/2023,39.039,39.039,39.039,39.039,0.02K,1.27%
4/26/2023,38.55,38.55,38.55,38.55,,-3.23%
4/25/2023,39.835,39.835,39.835,39.835,,-0.23%
4/24/2023,39.925,39.925,39.925,39.925,,-0.60%
4/21/2023,40.165,40.65,41.15,39.95,0.03K,-0.99%
4/20/2023,40.565,40.4,41.02,40.4,0.33K,0.66%
4/19/2023,40.3,42.425,42.425,39.805,0.21K,-5.66%
4/18/2023,42.72,41.505,42.99,41.505,0.14K,3.88%
4/17/2023,41.125,42.185,42.185,41.05,0.27K,-0.06%
4/14/2023,41.15,41.05,41.88,41.05,0.28K,-2.24%
4/13/2023,42.095,42.6,42.605,41.945,0.16K,-1.83%
4/12/2023,42.88,43.295,43.9,42.94,0.09K,-1.85%
4/11/2023,43.69,43.1,44.365,42.425,0.09K,1.31%
4/10/2023,43.125,43.125,43.125,43.125,,0.00%
4/6/2023,43.125,43.765,44,42.895,0.07K,-3.25%
4/5/2023,44.575,46.6,47.2,44.4,0.11K,-4.28%
4/4/2023,46.57,48.945,48.945,45.825,0.13K,-9.34%
4/3/2023,51.365,49.9,51.835,49.9,0.08K,7.36%
3/31/2023,47.845,44.95,44.95,44.95,0.01K,9.71%
3/30/2023,43.609,43.609,43.609,43.609,0.00K,1.88%
3/29/2023,42.805,42.805,42.805,42.805,,0.13%
3/28/2023,42.75,42.83,42.83,42.83,0.01K,0.52%
3/27/2023,42.53,42.53,42.53,42.53,,3.49%
3/24/2023,41.095,41.75,41.75,41.75,0.01K,-4.84%
3/23/2023,43.185,42.6,43.81,42.245,0.19K,8.03%
3/22/2023,39.975,41.55,41.55,39.945,0.11K,-5.72%
3/21/2023,42.4,38.985,41.5,38.985,0.05K,7.82%
3/20/2023,39.325,40.1,40.7,38.855,0.07K,-8.24%
3/17/2023,42.855,43.8,44,42.32,0.14K,-3.35%
3/16/2023,44.34,42,44.65,42,0.04K,3.34%
3/15/2023,42.905,43.85,43.9,42.65,0.02K,-2.90%
3/14/2023,44.185,46.75,46.75,44.545,0.14K,-10.89%
3/13/2023,49.585,49.25,51.825,48.8,0.04K,-6.19%
3/10/2023,52.855,48,54.23,45.3,0.03K,21.23%
3/9/2023,43.6,41.15,41.15,41.15,0.00K,2.98%
3/8/2023,42.34,44.6,44.6,44.6,0.03K,-2.37%
3/7/2023,43.37,42.8,43.65,42.8,0.02K,2.89%
3/6/2023,42.15,43.3,43.3,41.7,0.01K,-6.29%
3/3/2023,44.98,45.65,46.285,45.075,0.01K,-3.92%
3/2/2023,46.815,47.5,47.5,47.3,0.00K,-0.57%
3/1/2023,47.085,47.25,48.2,47,0.01K,0.90%
2/28/2023,46.665,48,48,46.7,0.00K,-1.34%
2/27/2023,47.299,47.299,47.299,47.299,,-7.28%
2/24/2023,51.015,51.015,51.015,51.015,,0.46%
2/23/2023,50.78,50.78,50.78,50.78,,0.42%
2/22/2023,50.57,50.57,50.57,50.57,,4.18%
2/21/2023,48.54,50.8,50.8,50.8,0.00K,-1.03%
2/17/2023,49.045,49.7,49.7,49.5,0.00K,-5.70%
2/16/2023,52.01,54,54,54,0.01K,-4.94%
2/15/2023,54.715,54.2,54.2,54.2,0.00K,4.45%
2/14/2023,52.385,52,52,52,0.00K,1.32%
2/13/2023,51.705,51.705,51.705,51.705,,-4.15%
2/10/2023,53.945,53.25,53.25,53.25,0.00K,2.29%
2/9/2023,52.735,52.735,52.735,52.735,,-1.77%
2/8/2023,53.685,53.685,53.685,53.685,,-3.10%
2/7/2023,55.405,57.4,57.7,55.5,0.01K,-4.65%
2/6/2023,58.11,58.11,58.11,58.11,,0.38%
2/3/2023,57.89,58,59.2,57.9,0.01K,1.49%
2/2/2023,57.04,57.1,57.1,56.7,0.00K,-4.17%
2/1/2023,59.525,57.4,58.2,57.4,0.00K,3.79%
1/31/2023,57.35,60.2,60.2,57.4,0.01K,3.98%
1/30/2023,55.156,56.85,56.85,55.5,0.01K,-0.49%
1/27/2023,55.425,53.5,53.5,53,0.01K,1.11%
1/26/2023,54.815,56.6,56.6,56.6,0.00K,-3.26%
1/25/2023,56.66,57.25,57.25,56.6,0.00K,-2.76%
1/24/2023,58.27,58.27,58.27,58.27,,-11.71%
1/23/2023,66,65.2,65.2,64.6,0.00K,-1.35%
1/20/2023,66.9,66.5,66.5,66.5,0.00K,10.19%
1/19/2023,60.715,60.3,61.1,60.3,0.02K,-1.61%
1/18/2023,61.71,60,62.2,60,0.01K,2.75%
1/17/2023,60.06,65,65,54.5,0.01K,-7.33%
1/13/2023,64.81,66.3,66.3,62.8,0.01K,-2.99%
1/12/2023,66.81,69.6,69.6,67.6,0.01K,2.24%
1/11/2023,65.345,67.595,67.595,65.5,0.01K,-6.74%
1/10/2023,70.07,73,76,70.2,0.02K,-5.69%
1/9/2023,74.3,71.05,75.4,70.1,0.01K,6.85%
1/6/2023,69.535,72,76,68,0.01K,-3.98%
1/5/2023,72.42,72.42,72.42,72.42,,11.38%
1/4/2023,65.02,65.02,65.02,65.02,,-10.09%
1/3/2023,72.315,72.315,72.315,72.315,,-5.24%
12/30/2022,76.315,76.315,76.315,76.315,,-8.96%
12/29/2022,83.83,83.83,83.83,83.83,,3.05%
12/28/2022,81.35,81.35,81.35,81.35,,1.63%
12/27/2022,80.045,80.045,80.045,80.045,,-3.53%
12/23/2022,82.975,82.975,82.975,82.975,,-9.75%
12/22/2022,91.94,91.94,91.94,91.94,,-5.94%
12/21/2022,97.75,97.75,97.75,97.75,,-7.51%
12/20/2022,105.69,105.69,105.69,105.69,,-2.63%
12/19/2022,108.545,108.545,108.545,108.545,,-5.98%
12/16/2022,115.45,115.45,115.45,115.45,,-14.33%
12/15/2022,134.765,134.765,134.765,134.765,,2.48%
12/14/2022,131.51,131.51,131.51,131.51,,-4.38%
12/13/2022,137.53,137.53,137.53,137.53,,0.69%
12/12/2022,136.59,136.59,136.59,136.59,,-1.82%
12/9/2022,139.115,139.115,139.115,139.115,,0.16%
12/8/2022,138.895,138.895,138.895,138.895,,-6.93%
12/7/2022,149.245,149.245,149.245,149.245,,7.77%
12/6/2022,138.49,138.49,138.49,138.49,,2.81%
12/5/2022,134.7,134.7,134.7,134.7,,-0.63%
12/2/2022,135.56,135.56,135.56,135.56,,-2.66%
12/1/2022,139.26,139.26,139.26,139.26,,-4.87%
11/30/2022,146.395,146.395,146.395,146.395,,10.67%
11/29/2022,132.286,132.286,132.286,132.286,,7.31%
11/28/2022,123.28,123.28,123.28,123.28,,-0.88%
11/25/2022,124.37,124.37,124.37,124.37,,-4.05%
11/23/2022,129.62,129.62,129.62,129.62,,8.34%
11/22/2022,119.64,119.64,119.64,119.64,,3.02%
11/21/2022,116.13,116.13,116.13,116.13,,0.54%
11/18/2022,115.51,115.51,115.51,115.51,,2.63%
11/17/2022,112.555,112.555,112.555,112.555,,-1.18%
11/16/2022,113.9,113.9,113.9,113.9,,-8.22%
11/15/2022,124.105,124.105,124.105,124.105,,9.15%
11/14/2022,113.705,113.705,113.705,113.705,,16.20%
11/11/2022,97.855,97.855,97.855,97.855,,-13.75%
11/10/2022,113.45,113.45,113.45,113.45,,0.27%
11/9/2022,113.145,113.145,113.145,113.145,,-4.23%
11/8/2022,118.145,118.145,118.145,118.145,,7.71%
11/7/2022,109.685,109.685,109.685,109.685,,-4.44%
11/4/2022,114.785,114.785,114.785,114.785,,-8.50%
11/3/2022,125.445,125.445,125.445,125.445,,-0.33%
11/2/2022,125.865,125.865,125.865,125.865,,8.32%
11/1/2022,116.195,116.195,116.195,116.195,,-5.80%
10/31/2022,123.35,123.35,123.35,123.35,,9.89%
10/28/2022,112.244,112.244,112.244,112.244,,4.52%
10/27/2022,107.385,107.385,107.385,107.385,,2.94%
10/26/2022,104.32,104.32,104.32,104.32,,4.53%
10/25/2022,99.795,99.795,99.795,99.795,,0.63%
10/24/2022,99.17,99.17,99.17,99.17,,-12.68%
10/21/2022,113.575,113.575,113.575,113.575,,-10.67%
10/20/2022,127.145,127.145,127.145,127.145,,13.01%
10/19/2022,112.51,112.51,112.51,112.51,,-0.63%
10/18/2022,113.22,113.22,113.22,113.22,,-11.53%
10/17/2022,127.98,127.98,127.98,127.98,,-9.87%
10/14/2022,141.995,141.995,141.995,141.995,,-7.68%
10/13/2022,153.81,153.81,153.81,153.81,,-3.98%
10/12/2022,160.19,160.19,160.19,160.19,,2.18%
10/11/2022,156.78,156.78,156.78,156.78,,1.73%
10/10/2022,154.12,154.12,154.12,154.12,,-1.33%
10/7/2022,156.205,156.205,156.205,156.205,,-11.10%
10/6/2022,175.71,175.71,175.71,175.71,,1.16%
10/5/2022,173.695,173.695,173.695,173.695,,7.25%
10/4/2022,161.95,161.95,161.95,161.95,,-4.68%
10/3/2022,169.91,169.91,169.91,169.91,,-10.01%
9/30/2022,188.8,188.8,188.8,188.8,,0.60%
9/29/2022,187.665,187.665,187.665,187.665,,-9.42%
9/28/2022,207.185,207.185,207.185,207.185,,11.33%
9/27/2022,186.1,186.1,186.1,186.1,,7.06%
9/26/2022,173.835,173.835,173.835,173.835,,-6.29%
9/23/2022,185.495,185.495,185.495,185.495,,-1.05%
9/22/2022,187.47,187.47,187.47,187.47,,-1.22%
9/21/2022,189.78,189.78,189.78,189.78,,-2.31%
9/20/2022,194.26,194.26,194.26,194.26,,6.58%
9/19/2022,182.26,182.26,182.26,182.26,,-2.95%
9/16/2022,187.795,187.795,187.795,187.795,,-12.36%
9/15/2022,214.285,214.285,214.285,214.285,0.01K,-1.65%
9/14/2022,217.88,217.88,217.88,217.88,,9.70%
9/13/2022,198.61,198.61,198.61,198.61,,4.21%
9/12/2022,190.59,190.59,190.59,190.59,,-7.97%
9/9/2022,207.09,207.09,207.09,207.09,,-6.10%
9/8/2022,220.54,220.54,220.54,220.54,,3.11%
9/7/2022,213.885,213.885,213.885,213.885,,-10.82%
9/6/2022,239.84,239.84,239.84,239.84,,11.73%
9/2/2022,214.665,214.665,214.665,214.665,,-11.66%
9/1/2022,243.005,243.005,243.005,243.005,,1.29%
8/31/2022,239.905,239.905,239.905,239.905,,-5.15%
8/30/2022,252.937,252.937,252.937,252.937,,-7.21%
8/29/2022,272.605,272.605,272.605,272.605,,-19.63%
8/26/2022,339.195,339.195,339.195,339.195,,5.53%
8/25/2022,321.415,321.415,321.415,321.415,,10.02%
8/24/2022,292.15,292.15,292.15,292.15,,8.59%
8/23/2022,269.05,269.05,269.05,269.05,,-2.78%
8/22/2022,276.75,276.75,276.75,276.75,,13.17%
8/19/2022,244.55,244.55,244.55,244.55,,1.47%
8/18/2022,241.005,241.005,241.005,241.005,,6.72%
8/17/2022,225.835,225.835,225.835,225.835,,-0.04%
8/16/2022,225.915,225.915,225.915,225.915,,2.64%
8/15/2022,220.11,220.11,220.11,220.11,,6.79%
8/12/2022,206.11,206.11,206.11,206.11,,-0.96%
8/11/2022,208.11,208.11,208.11,208.11,,1.34%
8/10/2022,205.365,205.365,205.365,205.365,,6.86%
8/9/2022,192.185,192.185,192.185,192.185,,-0.45%
8/8/2022,193.055,193.055,193.055,193.055,,-1.66%
8/5/2022,196.32,196.32,196.32,196.32,,-1.47%
8/4/2022,199.25,199.25,199.25,199.25,,0.03%
8/3/2022,199.195,199.195,199.195,199.195,,-2.91%
8/2/2022,205.175,205.175,205.175,205.175,,2.18%
8/1/2022,200.795,200.795,200.795,200.795,,5.18%
7/29/2022,190.915,190.915,190.915,190.915,,-4.03%
7/28/2022,198.93,198.93,198.93,198.93,,-3.07%
7/27/2022,205.225,205.225,205.225,205.225,,2.65%
7/26/2022,199.92,199.92,199.92,199.92,,13.20%
7/25/2022,176.615,176.615,176.615,176.615,,10.48%
7/22/2022,159.865,159.865,159.865,159.865,,2.74%
7/21/2022,155.6,155.6,155.6,155.6,,0.36%
7/20/2022,155.04,155.04,155.04,155.04,,0.38%
7/19/2022,154.455,154.455,154.455,154.455,,-1.78%
7/18/2022,157.26,157.26,157.26,157.26,,-1.44%
7/15/2022,159.565,159.565,159.565,159.565,,-8.84%
7/14/2022,175.035,175.035,175.035,175.035,,-3.03%
7/13/2022,180.505,180.505,180.505,180.505,,4.57%
7/12/2022,172.61,172.61,172.61,172.61,,4.92%
7/11/2022,164.52,164.52,164.52,164.52,,-6.10%
7/8/2022,175.21,175.21,175.21,175.21,,-4.35%
7/7/2022,183.185,183.185,183.185,183.185,,7.13%
7/6/2022,171,171,171,171,,3.59%
7/5/2022,165.075,165.075,165.075,165.075,,11.70%
7/1/2022,147.785,147.785,147.785,147.785,,2.26%
6/30/2022,144.515,144.515,144.515,144.515,,3.53%
6/29/2022,139.588,139.588,139.588,139.588,,8.06%
6/28/2022,129.175,129.175,129.175,129.175,,-0.22%
6/27/2022,129.46,129.46,129.46,129.46,,0.74%
6/24/2022,128.505,128.505,128.505,128.505,,-3.63%
6/23/2022,133.345,133.345,133.345,133.345,,4.86%
6/22/2022,127.17,127.17,127.17,127.17,,1.28%
6/21/2022,125.56,125.56,125.56,125.56,,6.64%
6/17/2022,117.74,117.74,117.74,117.74,,-5.33%
6/16/2022,124.365,124.365,124.365,124.365,,3.35%
6/15/2022,120.33,120.33,120.33,120.33,,24.00%
6/14/2022,97.04,97.04,97.04,97.04,,16.35%
6/13/2022,83.4,83.4,83.4,83.4,,1.13%
6/10/2022,82.465,82.465,82.465,82.465,,-2.85%
6/9/2022,84.88,84.88,84.88,84.88,,6.90%
6/8/2022,79.405,79.405,79.405,79.405,,-0.26%
6/7/2022,79.61,80.41,81.02,80.41,0.01K,-3.57%
6/6/2022,82.56,83.005,83.005,83.005,0.02K,-0.65%
6/3/2022,83.1,83.1,83.1,83.1,,-1.01%
6/2/2022,83.945,83.945,83.945,83.945,,-1.88%
6/1/2022,85.55,85.55,85.55,85.55,,-8.99%
5/31/2022,94.005,94.005,94.005,94.005,,8.21%
5/27/2022,86.875,86.25,86.25,86.25,0.01K,1.05%
5/26/2022,85.97,85.97,85.97,85.97,,-2.40%
5/25/2022,88.08,85.625,86.125,84.84,0.05K,4.23%
5/24/2022,84.505,86.875,86.875,86.875,0.01K,1.46%
5/23/2022,83.29,85.22,85.22,85.22,0.01K,-5.24%
5/20/2022,87.9,87.9,87.9,87.9,,-3.43%
5/19/2022,91.025,91.025,91.025,91.025,,-3.72%
5/18/2022,94.54,96.475,96.475,96.475,0.01K,0.39%
5/17/2022,94.175,94.175,94.175,94.175,,1.42%
5/16/2022,92.86,92.86,92.86,92.86,,-4.15%
5/13/2022,96.88,96.88,96.88,96.88,,-9.20%
5/12/2022,106.7,106.7,106.7,106.7,,13.50%
5/11/2022,94.01,94.01,94.01,94.01,,-4.85%
5/10/2022,98.8,98.8,98.8,98.8,,5.35%
5/9/2022,93.785,96.315,96.315,95,0.05K,-7.79%
5/6/2022,101.71,101.71,101.71,101.71,,-4.51%
5/5/2022,106.51,106.51,106.51,106.51,,2.59%
5/4/2022,103.82,103.82,103.82,103.82,,4.42%
5/3/2022,99.425,99.425,99.425,99.425,,2.45%
5/2/2022,97.05,97.05,97.05,97.05,,-2.41%
4/29/2022,99.45,99.45,99.45,99.45,,-0.69%
4/28/2022,100.142,100.142,100.142,100.142,,-6.78%
4/27/2022,107.425,107.425,107.425,107.425,,4.08%
4/26/2022,103.21,103.21,103.21,103.21,,11.18%
4/25/2022,92.835,92.835,92.835,92.835,,-2.15%
4/22/2022,94.875,94.875,94.875,94.875,,-5.18%
4/21/2022,100.06,100.06,100.06,100.06,,6.19%
4/20/2022,94.23,96.75,96.75,96.75,0.00K,0.49%
4/19/2022,93.77,93.77,93.77,93.77,,-1.93%
4/18/2022,95.62,95.62,95.62,95.62,,0.00%
4/14/2022,95.62,95.62,95.62,95.62,,-9.21%
4/13/2022,105.325,105.325,105.325,105.325,,3.04%
4/12/2022,102.22,103.75,103.75,103.75,0.00K,2.08%
4/11/2022,100.135,100.135,100.135,100.135,,-3.61%
4/8/2022,103.88,103.88,103.88,103.88,,-0.66%
4/7/2022,104.565,104.565,104.565,104.565,,-2.08%
4/6/2022,106.79,106.79,106.79,106.79,,-1.63%
4/5/2022,108.565,108.14,108.14,108.14,0.00K,-0.88%
4/4/2022,109.525,109.525,109.525,109.525,0.01K,-2.34%
4/1/2022,112.15,114.75,114.75,114.75,0.03K,-10.92%
3/31/2022,125.905,125.905,125.905,125.905,,5.83%
3/30/2022,118.97,118.97,118.97,118.97,,9.77%
3/29/2022,108.38,108.38,108.38,108.38,0.38K,5.69%
3/28/2022,102.545,97.6,97.6,97.6,0.00K,1.26%
3/25/2022,101.27,101.27,101.27,101.27,0.04K,-9.26%
3/24/2022,111.61,116,116,116,0.03K,-4.61%
3/23/2022,117,117,117,117,,18.49%
3/22/2022,98.745,98.745,98.745,98.745,0.01K,2.54%
3/21/2022,96.302,98.72,98.72,98.72,0.01K,-8.32%
3/18/2022,105.045,105.045,105.045,105.045,0.01K,-0.04%
3/17/2022,105.09,110.5,110.5,105.25,0.02K,2.40%
3/16/2022,102.625,102.625,102.625,102.625,,-11.10%
3/15/2022,115.44,121.69,121.69,121.69,0.00K,0.80%
3/14/2022,114.52,114.52,114.52,114.52,0.00K,-12.73%
3/11/2022,131.23,131.23,131.23,131.23,,3.82%
3/10/2022,126.4,126.4,126.4,126.4,,-18.91%
3/9/2022,155.88,155.88,155.88,155.88,,-27.35%
3/8/2022,214.555,214.555,214.555,214.555,,-5.57%
3/7/2022,227.2,227.2,227.2,227.2,0.01K,18.00%
3/4/2022,192.55,192.55,192.55,192.55,0.02K,19.73%
3/3/2022,160.825,148,148,147.49,0.01K,-2.85%
3/2/2022,165.545,165.545,165.545,165.545,0.00K,36.06%
3/1/2022,121.675,103.665,119.27,103.665,0.43K,23.41%
2/28/2022,98.595,116.49,116.49,104.47,0.03K,4.42%
2/25/2022,94.422,94.422,94.422,94.422,0.10K,-29.70%
2/24/2022,134.315,106.1,135,106.1,0.00K,51.10%
2/23/2022,88.89,83.175,88,83.175,0.04K,11.40%
2/22/2022,79.79,71.525,80.345,71.525,0.37K,11.25%
2/21/2022,71.72,71.525,75.465,71.525,0.09K,-2.77%
2/18/2022,73.76,72.975,73.9,70.57,0.05K,-1.54%
2/17/2022,74.915,73.35,75.15,71.34,0.05K,7.34%
2/16/2022,69.795,69.095,71,68.97,0.10K,-1.59%
2/15/2022,70.92,76.06,76.17,68.515,0.13K,-12.20%
2/14/2022,80.77,83.6,83.6,79.695,0.30K,4.32%
2/11/2022,77.425,73.415,76.4,73.305,0.17K,4.13%
2/10/2022,74.355,74.03,74.68,72.47,0.15K,-0.08%
2/9/2022,74.415,76.695,76.695,73.835,0.07K,-3.73%
2/8/2022,77.3,81.48,82,75.48,0.32K,-2.88%
2/7/2022,79.595,78.8,79.74,77.85,0.07K,-3.70%
2/4/2022,82.65,81.47,82.45,81.47,0.10K,3.02%
2/3/2022,80.225,79.6,80.1,77.01,0.33K,3.72%
2/2/2022,77.35,77.15,79.1,76.29,0.38K,1.56%
2/1/2022,76.165,78.3,78.38,74.8,0.48K,-10.04%
1/31/2022,84.67,84.85,84.85,84.85,0.00K,-8.03%
1/28/2022,92.062,92.062,92.062,92.062,0.06K,-0.26%
1/27/2022,92.3,92.25,92.9,90.31,0.33K,0.51%
1/26/2022,91.835,89.395,92.445,89.395,0.07K,-1.86%
1/25/2022,93.58,92.385,95.51,92.385,0.05K,0.62%
1/24/2022,93,88.605,93.6,88.605,0.07K,17.75%
1/21/2022,78.98,74.765,81.815,74.765,0.05K,5.02%
1/20/2022,75.205,71,75.59,71,0.05K,-0.52%
1/19/2022,75.6,73.95,76.5,71.42,0.05K,-3.49%
1/18/2022,78.335,83.275,84.6,74.89,0.13K,0.15%
1/17/2022,78.22,84.6,84.6,74.89,0.08K,-10.06%
1/14/2022,86.97,89,91.8,85.7,0.12K,1.77%
1/13/2022,85.46,72,85.98,72,0.14K,13.71%
1/12/2022,75.155,82.25,82.25,73.4,0.09K,-4.55%
1/11/2022,78.735,81.225,82.05,80,0.04K,-6.94%
1/10/2022,84.605,86.5,90.4,84.46,0.07K,-4.05%
1/7/2022,88.175,95.8,96.27,86.58,0.03K,-8.63%
1/6/2022,96.5,95.265,97.02,93.3,0.07K,5.44%
1/5/2022,91.52,95.7,95.7,88.385,0.14K,3.13%
1/4/2022,88.74,85,96.625,85,0.31K,10.33%
1/3/2022,80.435,80.435,80.435,80.435,,14.34%
12/31/2021,70.345,82,82,67.365,0.08K,-19.17%
12/30/2021,87.027,94.35,94.35,88.05,0.09K,-9.79%
12/29/2021,96.475,99,104.6,99,0.07K,-9.49%
12/28/2021,106.59,106.59,106.59,106.59,0.00K,-0.29%
12/27/2021,106.895,100,105.5,100,0.01K,-19.37%
12/23/2021,132.58,158.3,158.3,129.36,0.08K,-23.31%
12/22/2021,172.875,174.3,176.655,172.72,0.04K,-4.10%
12/21/2021,180.265,157.7,174.8,157.7,0.51K,22.69%
12/20/2021,146.925,140.82,148.505,139.4,0.41K,7.31%
12/17/2021,136.915,124.5,139.5,124.5,0.68K,-4.10%
12/16/2021,142.765,128.71,143,126.19,0.85K,7.92%
12/15/2021,132.285,131.1,132.405,120.6,1.02K,3.11%
12/14/2021,128.3,118.95,129.065,116.775,0.64K,10.52%
12/13/2021,116.085,115.4,118.625,112.44,0.47K,9.75%
12/10/2021,105.775,101.605,107.75,100.83,0.24K,5.31%
12/9/2021,100.445,98.5,104.35,97.17,0.42K,-1.04%
12/8/2021,101.5,98.6,103.835,98.6,0.36K,5.86%
12/7/2021,95.885,95,95.88,94.595,0.24K,6.62%
12/6/2021,89.93,86.6,90.275,86.6,0.09K,0.50%
12/3/2021,89.48,91.59,92.05,89.62,0.09K,-5.64%
12/2/2021,94.83,91.6,92.46,89.2,0.17K,-0.88%
12/1/2021,95.675,92.6,95.1,92.6,0.29K,3.42%
11/30/2021,92.515,98,98,95.015,0.03K,-0.68%
11/29/2021,93.146,94.25,94.25,92.45,0.22K,6.12%
11/26/2021,87.772,92.45,94.4,87.75,0.08K,-5.92%
11/25/2021,93.3,93.3,93.3,93.3,,-0.73%
11/24/2021,93.985,93.85,93.85,93.85,0.01K,3.37%
11/23/2021,90.925,86.95,91.4,86.95,0.04K,8.22%
11/22/2021,84.015,84.25,86.02,81.95,0.06K,-3.57%
11/19/2021,87.125,91.125,91.125,86,0.01K,-8.45%
11/18/2021,95.165,93.6,95.3,91.365,0.04K,0.17%
11/17/2021,95.005,97.99,99.85,95.085,0.05K,0.87%
11/16/2021,94.19,84.38,91.49,84.38,0.06K,17.82%
11/15/2021,79.945,78.295,82.095,78.285,0.05K,5.64%
11/12/2021,75.675,77.77,77.77,74.06,0.03K,1.18%
11/11/2021,74.79,72,75.1,72,0.01K,6.65%
11/10/2021,70.125,66.71,70.37,64.505,0.06K,-3.39%
11/9/2021,72.585,76.5,76.9,74.005,0.03K,-8.21%
11/8/2021,79.075,80.77,80.77,77.005,0.05K,6.82%
11/5/2021,74.025,73.16,74.64,73.03,0.08K,0.89%
11/4/2021,73.375,77.525,77.525,72.815,0.06K,-4.14%
11/3/2021,76.54,73.52,80.045,73.52,0.07K,13.22%
11/2/2021,67.605,65.175,70.665,62.84,0.06K,3.02%
11/1/2021,65.62,63.59,65.75,63.59,0.01K,1.16%
10/29/2021,64.865,72.62,72.62,70,0.02K,-15.79%
10/28/2021,77.032,78,80.6,78,0.03K,-11.27%
10/27/2021,86.82,86.3,86.95,86,0.05K,-1.89%
10/26/2021,88.495,90.15,90.2,87.8,0.06K,-0.17%
10/25/2021,88.645,91,91,88,0.06K,1.49%
10/22/2021,87.34,88.61,88.7,87,0.09K,-1.27%
10/21/2021,88.465,90.645,90.66,87.815,0.04K,-5.33%
10/20/2021,93.45,94.395,94.395,92.75,0.02K,3.91%
10/19/2021,89.93,92.15,93.935,89.425,0.06K,-4.26%
10/18/2021,93.935,89.35,100.4,89.35,0.04K,0.30%
10/15/2021,93.65,104,104,92.57,0.15K,-8.34%
10/14/2021,102.17,102.15,102.255,96.73,0.08K,9.14%
10/13/2021,93.615,91.375,94.61,90.29,0.24K,9.24%
10/12/2021,85.7,86.31,87.395,85,0.60K,0.57%
10/11/2021,85.215,92,92.135,83.5,0.23K,-2.73%
10/8/2021,87.605,95,95.675,83.7,0.15K,-9.30%
10/7/2021,96.585,89.26,109.47,89.26,0.08K,-10.73%
10/6/2021,108.19,131.025,132.93,101.555,0.18K,-6.75%
10/5/2021,116.02,95,105.61,83.62,0.17K,20.04%
10/4/2021,96.65,96.4,99.76,94.235,0.17K,3.23%
10/1/2021,93.625,94.665,97.59,93.105,0.20K,-4.24%
9/30/2021,97.775,94.92,96.3,93.18,0.05K,12.89%
9/29/2021,86.609,86.5,86.5,86.5,0.08K,10.24%
9/28/2021,78.565,83,84.15,78.95,0.08K,2.69%
9/27/2021,76.505,75,76.97,75,0.28K,8.92%
9/24/2021,70.24,68.3,70.89,68.255,0.35K,0.80%
9/23/2021,69.685,68,70.71,68,0.61K,-2.80%
9/22/2021,71.69,70.1,72.655,69.925,0.71K,-2.83%
9/21/2021,73.78,72.525,75.105,71.25,0.36K,-2.04%
9/20/2021,75.315,65.725,75.38,69.805,0.35K,15.69%
9/17/2021,65.103,66.75,66.775,62.85,0.38K,2.93%
9/16/2021,63.25,68.535,68.535,60.76,0.34K,-10.54%
9/15/2021,70.705,71.925,77.275,69.725,0.62K,7.51%
9/14/2021,65.765,64.55,66.395,64.55,1.13K,7.32%
9/13/2021,61.28,59.35,62.25,59.35,1.02K,5.81%
9/10/2021,57.916,56,57.995,55.775,1.18K,2.36%
9/9/2021,56.58,55.6,57.23,54.73,1.06K,2.33%
9/8/2021,55.29,54.175,55.575,53.56,1.43K,2.56%
9/7/2021,53.91,53.075,54.185,51.285,2.16K,4.67%
9/3/2021,51.505,51.8,52.55,51.29,1.29K,-0.79%
9/2/2021,51.915,50.985,52.595,49.715,1.32K,3.35%
9/1/2021,50.23,52.25,52.9,49.6,2.05K,-0.22%
8/31/2021,50.34,48.58,50.47,48.58,0.20K,1.33%
8/30/2021,49.68,48.85,49.43,48.7,0.09K,3.92%
8/27/2021,47.806,47.806,47.806,47.806,,4.40%
8/26/2021,45.79,44.215,45.845,44.2,0.32K,1.12%
8/25/2021,45.285,45.83,46.13,44.775,1.00K,0.92%
8/24/2021,44.87,43.625,45.07,43.625,0.16K,7.65%
8/23/2021,41.68,42.275,43.535,40.61,0.59K,-0.63%
8/20/2021,41.944,41.57,42.625,40.9,0.52K,3.83%
8/19/2021,40.395,44.375,44.48,40.1,0.80K,-10.99%
8/18/2021,45.385,46.395,47.525,42.795,0.63K,-3.33%
8/17/2021,46.95,46.855,47.975,46.675,0.52K,-2.17%
8/16/2021,47.99,46.25,48.215,46.25,0.42K,7.53%
8/13/2021,44.63,44.415,45.4,44.375,0.76K,-2.70%
8/12/2021,45.87,46.15,46.525,45.325,0.77K,-0.25%
8/11/2021,45.985,44.975,46.525,44.575,0.52K,2.98%
8/10/2021,44.655,44.39,45.025,44.215,0.89K,4.37%
8/9/2021,42.785,43.095,43.57,42.45,1.22K,-0.78%
8/6/2021,43.12,43.9,44.57,42.675,1.14K,0.51%
8/5/2021,42.9,41.57,43.2,41.195,1.26K,1.53%
8/4/2021,42.255,41.54,42.26,41.54,0.78K,2.45%
8/3/2021,41.245,41.59,42.18,41.12,0.93K,-2.16%
8/2/2021,42.155,42.1,42.69,41.815,1.36K,3.44%
7/30/2021,40.755,40.51,40.855,39.42,0.39K,-0.97%
7/29/2021,41.154,40.35,40.88,40.05,0.72K,3.66%
7/28/2021,39.7,38.465,39.715,38.415,0.51K,5.61%
7/27/2021,37.59,37.695,37.705,37.26,0.56K,1.83%
7/26/2021,36.915,36.14,37.025,35.91,0.17K,3.91%
7/23/2021,35.525,35.815,35.94,35.1,0.53K,-1.67%
7/22/2021,36.13,35.675,36.435,35.65,0.59K,0.50%
7/21/2021,35.95,35.5,36.2,35.46,0.37K,2.23%
7/20/2021,35.165,35.095,35.315,34.625,0.52K,-1.36%
7/19/2021,35.65,36.45,36.81,35.615,0.42K,2.32%
7/16/2021,34.84,35.1,35.525,34.6,0.46K,3.09%
7/15/2021,33.795,34.2,34.605,33.61,0.46K,-2.82%
7/14/2021,34.775,34.835,35.175,33.405,0.62K,-1.95%
7/13/2021,35.465,34.305,35.835,34.145,0.94K,2.35%
7/12/2021,34.65,35.235,36.15,34.395,1.14K,-5.41%
7/9/2021,36.632,35.84,36.85,35.565,0.66K,9.97%
7/8/2021,33.31,32.29,33.875,31.47,1.19K,3.00%
7/7/2021,32.34,34.315,36.23,32.345,1.15K,-5.18%
7/6/2021,34.105,37.25,38.365,33.08,1.43K,-4.81%
7/2/2021,35.827,34.925,36.87,34.925,1.21K,-0.88%
7/1/2021,36.145,35.5,36.955,35.45,0.63K,4.40%
6/30/2021,34.62,33.875,34.925,33.74,1.46K,3.39%
6/29/2021,33.486,32.855,33.825,32.855,0.30K,3.70%
6/28/2021,32.29,32.1,32.38,31.75,0.79K,-0.29%
6/25/2021,32.385,31.95,32.4,31.95,0.55K,1.16%
6/24/2021,32.015,31.55,32.025,31.41,0.95K,1.49%
6/23/2021,31.545,31.35,31.685,30.565,0.55K,2.64%
6/22/2021,30.735,30.05,30.835,29.99,0.59K,3.78%
6/21/2021,29.615,29.97,30.2,29.305,0.70K,0.71%
6/18/2021,29.405,28.935,29.61,28.8,0.60K,3.87%
6/17/2021,28.31,27.8,28.67,27.7,1.08K,1.00%
6/16/2021,28.03,28,28.775,27.74,1.30K,-0.37%
6/15/2021,28.135,28.3,28.705,27.91,1.01K,-2.34%
6/14/2021,28.81,29.1,29.315,28.575,0.86K,3.47%
6/11/2021,27.845,28.5,28.595,27.7,0.46K,-2.93%
6/10/2021,28.685,28.275,28.725,27.705,0.68K,1.36%
6/9/2021,28.3,27.9,28.425,27.805,0.69K,1.80%
6/8/2021,27.8,27.475,27.85,27.35,0.64K,4.95%
6/7/2021,26.49,25.9,26.665,25.9,0.36K,2.69%
6/4/2021,25.795,25.75,26.025,25.45,0.41K,0.35%
6/3/2021,25.705,26.25,26.25,25.675,0.47K,-0.08%
6/2/2021,25.725,25.7,26.1,25.28,1.03K,-0.96%
6/1/2021,25.975,25.18,26.23,25.18,0.77K,4.19%
5/28/2021,24.93,25.1,25.2,24.62,0.40K,-1.07%
5/27/2021,25.2,25.645,26.1,25.275,0.56K,-4.64%
5/26/2021,26.425,26.775,26.915,26.4,0.71K,0.90%
5/25/2021,26.19,25.25,26.15,25.25,0.86K,5.78%
5/24/2021,24.76,24.475,24.85,24.455,0.40K,-0.14%
5/21/2021,24.795,25.3,25.55,24.6,0.98K,0.45%
5/20/2021,24.685,23.1,24.565,23.05,0.94K,8.91%
5/19/2021,22.665,24.05,24.125,22.57,1.00K,-8.65%
5/18/2021,24.81,25.4,25.775,24.645,1.31K,-5.70%
5/17/2021,26.31,26.1,26.63,25.7,1.23K,-1.94%
5/14/2021,26.83,26.35,26.875,26.35,0.67K,2.21%
5/13/2021,26.25,25.75,26.3,24.975,1.37K,-0.64%
5/12/2021,26.42,26.44,26.45,25.8,1.12K,2.38%
5/11/2021,25.805,24.8,25.995,24.75,0.97K,2.44%
5/10/2021,25.19,25.175,25.2,24.825,1.09K,5.22%
5/7/2021,23.94,24.225,24.225,23.875,0.69K,-1.60%
5/6/2021,24.33,24.13,24.95,24.13,1.08K,1.54%
5/5/2021,23.96,23.4,23.965,23.325,0.63K,3.95%
5/4/2021,23.05,24.105,24.105,22.995,0.72K,-3.21%
5/3/2021,23.815,23.815,23.815,23.815,,2.28%
4/30/2021,23.285,22.965,23.32,22.73,0.77K,3.49%
4/29/2021,22.5,21.665,22.575,21.575,0.47K,4.38%
4/28/2021,21.555,21.79,22.02,21.55,0.71K,0.70%
4/27/2021,21.405,19.93,21.5,19.75,0.74K,7.03%
4/26/2021,20,20.2,20.46,19.975,0.95K,-0.22%
4/23/2021,20.045,20.8,20.8,19.71,0.18K,-6.20%
4/22/2021,21.37,21.3,21.54,21.3,0.46K,1.23%
4/21/2021,21.11,21.015,21.25,20.85,2.02K,0.21%
4/20/2021,21.065,20.85,21.335,20.675,1.40K,0.60%
4/19/2021,20.94,20.875,21.12,20.85,1.43K,1.95%
4/16/2021,20.54,20.625,20.8,20.5,0.43K,1.38%
4/15/2021,20.26,19.9,20.385,19.85,0.60K,2.95%
4/14/2021,19.68,19.6,19.775,19.6,2.03K,0.87%
4/13/2021,19.51,19.72,19.85,19.47,1.16K,-0.71%
4/12/2021,19.65,19.395,19.725,19.26,1.48K,3.75%
4/9/2021,18.94,19.35,19.365,18.9,1.18K,-0.26%
4/8/2021,18.99,19.325,19.45,18.975,0.63K,-1.53%
4/7/2021,19.285,19.65,19.725,19.175,0.83K,-2.50%
4/6/2021,19.78,19.745,19.825,19.6,0.39K,3.18%
4/5/2021,19.17,19.17,19.17,19.17,,0.00%
4/1/2021,19.17,19,19.275,19,,0.92%
3/31/2021,18.995,19.05,19.17,18.7,0.48K,1.01%
3/30/2021,18.805,18.2,18.85,18.2,0.78K,1.95%
3/29/2021,18.445,18.26,18.595,18.125,0.82K,-1.36%
3/26/2021,18.7,18.6,18.82,18.575,1.21K,1.82%
3/25/2021,18.365,18.6,18.6,18.275,1.49K,-1.21%
3/24/2021,18.59,18.65,18.825,18.025,1.96K,1.09%
3/23/2021,18.39,17.85,18.4,17.625,1.76K,1.91%
3/22/2021,18.045,17.27,18.075,17.27,1.81K,4.52%
3/19/2021,17.265,17.35,17.5,17.235,1.14K,-2.79%
3/18/2021,17.76,18.16,18.4,17.5,0.90K,-1.17%
3/17/2021,17.97,17.45,18.11,17.45,0.64K,1.76%
3/16/2021,17.66,17.83,17.83,17.275,0.82K,-1.51%
3/15/2021,17.93,18.17,18.88,17.87,0.88K,-2.82%
3/12/2021,18.45,17.97,18.565,17.93,0.71K,1.79%
3/11/2021,18.125,17.475,18.155,17.475,1.18K,2.81%
3/10/2021,17.63,17.15,17.7,17.15,0.59K,4.17%
3/9/2021,16.925,16.375,16.975,16.375,0.46K,4.80%
3/8/2021,16.15,16.55,16.55,16.125,0.75K,-1.31%
3/5/2021,16.365,15.85,16.45,15.775,0.58K,2.73%
3/4/2021,15.93,15.59,15.975,15.575,0.53K,2.61%
3/3/2021,15.525,15.6,15.68,15.5,0.46K,-2.17%
3/2/2021,15.87,16.005,16.03,15.8,0.60K,-1.31%
3/1/2021,16.08,16,16.1,15.925,0.36K,2.45%
2/26/2021,15.695,15.95,15.975,15.55,0.44K,-1.51%
2/25/2021,15.935,16.4,16.4,16.065,0.42K,-2.72%
2/24/2021,16.38,16.125,16.35,16.05,0.77K,0.80%
2/23/2021,16.25,16.1,16.4,16.05,0.42K,1.82%
2/22/2021,15.96,16.25,16.25,15.825,0.50K,-3.59%
2/19/2021,16.555,17.325,17.45,16.465,0.77K,-4.47%
2/18/2021,17.33,16.9,17.35,16.84,1.00K,4.78%
2/17/2021,16.54,17.15,17.3,16.4,1.08K,-1.05%
2/16/2021,16.715,16.75,16.95,16.35,1.31K,-5.14%
2/12/2021,17.62,17.07,17.65,16.95,0.60K,1.41%
2/11/2021,17.375,18.15,18.15,17.375,1.63K,-6.38%
2/10/2021,18.56,18.85,19.025,18.45,0.51K,-2.55%
2/9/2021,19.045,18.855,19.305,18.75,0.58K,-5.62%
2/8/2021,20.18,20.375,20.375,19.6,0.48K,9.79%
2/5/2021,18.38,18.55,18.9,18.3,1.05K,1.43%
2/4/2021,18.12,17.85,18.35,17.75,0.80K,1.48%
2/3/2021,17.855,17.65,17.75,17.35,0.43K,-2.16%
2/2/2021,18.25,18.2,18.5,18.105,0.35K,0.61%
2/1/2021,18.14,19.05,19.05,17.875,0.84K,-8.48%
1/29/2021,19.82,20.6,20.6,19.595,0.44K,-5.21%
1/28/2021,20.91,20.6,20.875,20.35,0.29K,6.14%
1/27/2021,19.7,19,19.9,18.9,0.38K,0.97%
1/26/2021,19.51,19.8,20.075,19.175,0.79K,-3.22%
1/25/2021,20.16,22.15,22.15,20.05,1.05K,-6.17%
1/22/2021,21.485,20.75,21.5,20.75,0.94K,7.08%
1/21/2021,20.065,19.825,20.5,19.55,0.43K,-0.96%
1/20/2021,20.26,21.4,21.6,19.935,0.68K,-0.32%
1/19/2021,20.325,19.1,20.4,18.9,1.05K,0.62%
1/15/2021,20.2,20.1,20.4,19.625,0.52K,-5.32%
1/14/2021,21.335,21.25,21.25,20.32,0.34K,-0.77%
1/13/2021,21.5,23.475,23.9,21.6,0.54K,-17.80%
1/12/2021,26.155,23.24,26.085,23.2,0.14K,18.21%
1/11/2021,22.125,21.35,22.54,21.2,0.46K,9.97%
1/8/2021,20.12,20.4,20.7,19.89,0.39K,4.22%
1/7/2021,19.305,18.275,19.42,18.275,0.18K,9.91%
1/6/2021,17.565,17.875,18.52,17.375,0.70K,-2.44%
1/5/2021,18.005,18.905,18.95,17.925,0.51K,-9.27%
1/4/2021,19.845,19.45,20.3,19.45,0.80K,3.76%
12/31/2020,19.125,19.125,19.125,19.125,,0.66%
12/30/2020,19,19.15,19.275,19.025,0.18K,1.20%
12/29/2020,18.775,19,19,19,0.04K,-1.96%
12/28/2020,19.15,19.15,19.15,19.15,,8.50%
12/24/2020,17.65,17.65,17.65,17.65,,0.83%
12/23/2020,17.505,17.65,17.65,17.5,0.08K,-0.74%
12/22/2020,17.635,17.2,17.75,17.175,0.21K,5.00%
12/21/2020,16.795,16.4,16.85,16.25,0.18K,5.73%
12/18/2020,15.885,15.75,15.975,15.69,0.19K,-0.35%
12/17/2020,15.94,16.175,16.325,15.9,0.19K,-2.69%
12/16/2020,16.38,17.05,17.05,16.26,0.18K,-4.91%
12/15/2020,17.225,17.1,17.265,16.66,0.22K,3.73%
12/14/2020,16.605,16.45,16.925,16.45,0.16K,4.04%
12/11/2020,15.96,15.525,15.825,15.3,0.18K,2.70%
12/10/2020,15.54,15.3,15.55,15.275,0.32K,5.46%
12/9/2020,14.735,14.35,14.735,14.35,0.13K,2.01%
12/8/2020,14.445,14.3,14.63,14.3,0.71K,0.63%
12/7/2020,14.355,14.1,14.4,14.1,0.40K,-1.98%
12/4/2020,14.645,14.55,14.66,14.465,0.21K,3.53%
12/3/2020,14.145,14.6,14.6,14,0.30K,-5.10%
12/2/2020,14.905,14.45,14.95,14.45,0.36K,-0.03%
12/1/2020,14.91,15.475,15.475,14.775,0.61K,-1.52%
11/30/2020,15.14,14.985,15.2,14.95,0.06K,4.52%
11/27/2020,14.485,13.835,14.6,13.8,0.77K,3.98%
11/25/2020,13.93,14.15,14.275,13.8,0.35K,0.22%
11/24/2020,13.9,13.45,13.9,13.45,0.30K,2.70%
11/23/2020,13.535,13.3,13.625,13.3,0.13K,4.96%
11/20/2020,12.895,12.7,12.91,12.6,0.41K,-0.96%
11/19/2020,13.02,13.475,13.475,13,0.34K,-4.82%
11/18/2020,13.68,13.85,13.95,13.59,0.22K,-2.08%
11/17/2020,13.97,14.35,14.35,13.85,0.16K,-3.62%
11/16/2020,14.495,14.425,14.6,14.42,0.29K,1.79%
11/13/2020,14.24,14.2,14.325,14.175,0.28K,1.71%
11/12/2020,14,14.05,14.15,13.95,0.29K,-0.67%
11/11/2020,14.095,14.05,14.35,14.05,0.29K,0.43%
11/10/2020,14.035,13.8,14.15,13.7,0.91K,1.30%
11/9/2020,13.855,13.775,14.13,13.55,0.55K,-0.32%
11/6/2020,13.9,14.115,14.15,13.885,0.78K,-3.84%
11/5/2020,14.455,14.3,14.5,14.3,0.47K,4.11%
11/4/2020,13.885,13.725,14.105,13.575,0.36K,1.61%
11/3/2020,13.665,13.73,13.925,13.585,0.13K,0.07%
11/2/2020,13.655,13.515,13.705,13.515,0.11K,-2.88%
10/30/2020,14.06,14.335,14.385,13.925,0.24K,-1.09%
10/29/2020,14.215,14.4,14.4,14.125,0.65K,-1.86%
10/28/2020,14.485,14.525,14.65,14.4,0.64K,-1.76%
10/27/2020,14.745,14.7,14.85,14.375,0.26K,-0.81%
10/26/2020,14.865,15.15,15.39,15.15,0.14K,-3.54%
10/23/2020,15.41,15.245,15.65,15.245,0.21K,1.02%
10/22/2020,15.255,14.825,15.34,14.8,0.37K,2.62%
10/21/2020,14.865,14.81,14.95,14.81,0.74K,-0.20%
10/20/2020,14.895,14.56,14.98,14.56,1.82K,1.19%
10/19/2020,14.72,14.65,14.75,14.65,0.07K,1.52%
10/16/2020,14.5,14.525,14.65,14.425,0.07K,1.83%
10/15/2020,14.24,14.175,14.175,13.9,0.56K,2.67%
10/14/2020,13.87,13.74,13.945,13.74,0.07K,2.02%
10/13/2020,13.595,13.69,13.7,13.49,0.35K,-1.77%
10/12/2020,13.84,13.61,13.61,13.61,0.02K,0.62%
10/9/2020,13.755,13.73,13.87,13.705,0.06K,-1.04%
10/8/2020,13.9,13.75,14.05,13.75,0.05K,1.39%
10/7/2020,13.71,13.425,13.69,13.425,0.03K,3.04%
10/6/2020,13.305,13.225,13.365,13.225,0.09K,-0.86%
10/5/2020,13.42,13.385,13.44,13.25,0.15K,3.03%
10/2/2020,13.025,12.875,13.13,12.815,0.57K,-1.18%
10/1/2020,13.18,13.35,13.405,13.11,0.51K,-0.79%
9/30/2020,13.285,13.31,13.31,13.16,0.04K,8.18%
9/29/2020,12.28,12.4,12.64,12.265,0.25K,-0.57%
9/28/2020,12.35,12.06,12.06,11.95,0.08K,5.87%
9/25/2020,11.665,11.5,11.695,11.4,0.35K,0.26%
9/24/2020,11.635,11.95,11.95,11.66,0.18K,-3.20%
9/23/2020,12.02,11.77,12.04,11.77,0.19K,2.69%
9/22/2020,11.705,11.33,11.795,11.26,0.13K,1.83%
9/21/2020,11.495,11.5,11.51,11.425,0.08K,0.17%
9/18/2020,11.475,11.105,11.38,11.105,0.05K,3.19%
9/17/2020,11.12,11.515,11.515,11.13,0.12K,-1.77%
9/16/2020,11.32,11.2,11.445,11.2,0.10K,3.90%
9/15/2020,10.895,10.85,10.87,10.815,0.05K,1.77%
9/14/2020,10.705,10.725,10.8,10.65,0.15K,2.00%
9/11/2020,10.495,10.4,10.435,10.37,0.11K,-0.19%
9/10/2020,10.515,10.85,10.87,10.465,0.43K,-2.05%
9/9/2020,10.735,10.6,10.95,10.6,0.25K,-0.60%
9/8/2020,10.8,11.4,11.4,10.79,0.44K,-7.53%
9/4/2020,11.68,12.105,12.105,11.85,0.06K,-0.47%
9/3/2020,11.735,11.515,11.8,11.5,0.37K,5.63%
9/2/2020,11.11,11.4,11.4,10.995,0.12K,-1.64%
9/1/2020,11.295,11.2,11.835,11.2,0.38K,0.49%
8/31/2020,11.24,11.24,11.24,11.24,,0.63%
8/28/2020,11.17,11.125,11.175,11.125,0.02K,25.93%
8/27/2020,8.87,9.25,9.275,8.9,1.24K,-3.06%
8/26/2020,9.15,9.34,9.34,9.285,0.04K,3.21%
8/25/2020,8.865,8.36,8.89,8.36,0.11K,6.04%
8/24/2020,8.36,8.125,8.365,8.05,0.44K,9.71%
8/21/2020,7.62,7.975,7.975,7.47,0.10K,-6.50%
8/20/2020,8.15,8.325,8.375,8.225,0.58K,-2.45%
8/19/2020,8.355,8.815,8.85,8.23,0.05K,-2.28%
8/18/2020,8.55,8.225,8.72,8.225,0.15K,4.52%
8/17/2020,8.18,8.26,8.51,8.15,0.10K,2.00%
8/14/2020,8.02,7.45,8.15,7.38,0.33K,9.71%
8/13/2020,7.31,7.4,7.48,7.285,0.14K,1.95%
8/12/2020,7.17,7.175,7.175,7,0.20K,-3.30%
8/11/2020,7.415,7.495,7.935,7.415,0.21K,-2.31%
8/10/2020,7.59,8.28,8.28,7.95,0.07K,-4.29%
8/7/2020,7.93,7.55,8.3,7.55,0.11K,-0.13%
8/6/2020,7.94,7.75,7.95,7.75,0.05K,8.47%
8/5/2020,7.32,7.37,7.405,7.28,0.23K,-0.48%
8/4/2020,7.355,7.185,7.425,7.13,0.57K,8.16%
8/3/2020,6.8,6.33,7,6.33,0.26K,12.86%
7/31/2020,6.025,6,6,6,0.03K,15.31%
7/30/2020,5.225,5.19,5.43,5.13,0.17K,0.97%
7/29/2020,5.175,5.15,5.22,5.055,1.08K,4.33%
7/28/2020,4.96,4.775,4.975,4.775,0.18K,3.66%
7/27/2020,4.785,4.95,5.01,4.875,0.22K,-4.49%
7/24/2020,5.01,5.025,5.04,4.895,0.13K,0.50%
7/23/2020,4.985,4.925,5.125,4.925,0.22K,3.21%
7/22/2020,4.83,4.82,4.915,4.725,0.29K,0.84%
7/21/2020,4.79,4.9,4.975,4.765,0.52K,1.27%
7/20/2020,4.73,4.95,4.98,4.71,0.25K,-7.53%
7/17/2020,5.115,5.16,5.165,5.065,0.61K,1.09%
7/16/2020,5.06,5.09,5.11,5,0.16K,-3.16%
7/15/2020,5.225,5.35,5.395,5.225,0.12K,2.75%
7/14/2020,5.085,5.16,5.18,4.99,1.22K,-0.49%
7/13/2020,5.11,5.52,5.55,5.09,0.71K,-6.67%
7/10/2020,5.475,5.57,5.585,5.425,0.11K,-4.87%
7/9/2020,5.755,5.855,5.875,5.76,0.09K,-3.03%
7/8/2020,5.935,6.09,6.19,5.86,0.13K,-3.10%
7/7/2020,6.125,6.13,6.315,6.13,0.06K,0.49%
7/6/2020,6.095,6.145,6.15,6.075,0.14K,2.52%
7/2/2020,5.945,5.765,5.95,5.71,0.66K,1.36%
7/1/2020,5.865,5.95,6.185,5.8,0.71K,-4.87%
6/30/2020,6.165,6.105,6.455,6.025,0.26K,5.57%
6/29/2020,5.84,5.4,5.87,5.4,0.51K,14.40%
6/26/2020,5.105,5.065,5.23,5.045,0.21K,-2.85%
6/25/2020,5.255,5.425,5.435,5.285,0.05K,-7.24%
6/24/2020,5.665,5.825,5.845,5.68,0.30K,-2.83%
6/23/2020,5.83,5.7,5.85,5.7,0.57K,6.10%
6/22/2020,5.495,5.45,5.525,5.39,0.41K,-2.14%
6/19/2020,5.615,5.55,5.675,5.55,0.30K,3.03%
6/18/2020,5.45,5.425,5.525,5.325,0.67K,4.61%
6/17/2020,5.21,5.2,5.275,4.995,0.66K,-0.95%
6/16/2020,5.26,5.55,5.55,5.175,0.43K,-4.62%
6/15/2020,5.515,5.45,5.575,5.4,0.34K,4.55%
6/12/2020,5.275,5.15,5.44,5.15,0.51K,5.71%
6/11/2020,4.99,4.775,5.03,4.775,0.38K,3.96%
6/10/2020,4.8,4.7,4.85,4.625,0.59K,-0.10%
6/9/2020,4.805,5.275,5.275,4.775,0.19K,-8.48%
6/8/2020,5.25,5.6,5.775,5.255,0.28K,-8.06%
6/5/2020,5.71,5.35,5.85,5.125,0.33K,5.94%
6/4/2020,5.39,4.975,5.4,4.975,0.52K,1.13%
6/3/2020,5.33,5.15,5.54,4.94,0.45K,9.90%
6/2/2020,4.85,4.37,4.95,4.35,0.88K,19.61%
6/1/2020,4.055,4.1,4.25,3.95,0.74K,-7.53%
5/29/2020,4.385,4.425,4.5,4.4,0.05K,24.93%
5/28/2020,3.51,3.7,3.85,3.5,1.57K,-5.01%
5/27/2020,3.695,3.8,3.98,3.625,0.17K,-10.42%
5/26/2020,4.125,4.35,4.91,4.25,0.41K,6.04%
5/22/2020,3.89,3.75,4.06,3.65,0.22K,1.70%
5/21/2020,3.825,3.965,4,3.79,0.03K,-14.24%
5/20/2020,4.46,4.75,4.76,4.42,0.08K,-3.25%
5/19/2020,4.61,4.775,4.825,4.61,0.14K,-6.30%
5/18/2020,4.92,5.28,5.385,4.875,0.15K,-5.75%
5/15/2020,5.22,5.4,5.425,5.175,0.36K,-0.85%
5/14/2020,5.265,5.175,5.285,5.175,0.23K,2.83%
5/13/2020,5.12,5.375,5.375,5.1,0.09K,-3.67%
5/12/2020,5.315,5.575,5.625,5.28,0.27K,-6.84%
5/11/2020,5.705,5.7,5.8,5.66,0.25K,-2.14%
5/8/2020,5.83,5.83,5.83,5.83,,-0.26%
5/7/2020,5.845,5.84,5.97,5.8,0.48K,1.39%
5/6/2020,5.765,5.74,5.8,5.73,0.24K,1.59%
5/5/2020,5.675,5.85,5.9,5.635,0.43K,-1.13%
5/4/2020,5.74,5.9,5.9,5.705,0.72K,-1.80%
5/1/2020,5.845,6.2,6.2,5.735,1.08K,-6.03%
4/30/2020,6.22,6.325,6.33,6.2,0.06K,3.41%
4/29/2020,6.015,6.015,6.015,6.015,,-2.12%
4/28/2020,6.145,5.975,6.2,5.975,0.09K,3.45%
4/27/2020,5.94,5.825,6,5.825,0.11K,2.95%
4/24/2020,5.77,5.83,5.85,5.8,0.69K,-4.71%
4/23/2020,6.055,6.15,6.15,6.04,0.11K,-2.73%
4/22/2020,6.225,6.125,6.49,6.125,0.30K,-1.43%
4/21/2020,6.315,6.6,6.6,6.305,0.25K,-4.61%
4/20/2020,6.62,6.735,6.735,6.735,0.02K,-5.36%
4/17/2020,6.995,7.18,7.18,6.96,0.44K,1.30%
4/16/2020,6.905,6.98,6.98,6.925,0.04K,3.83%
4/15/2020,6.65,6.825,6.85,6.745,0.36K,-3.27%
4/14/2020,6.875,7.175,7.175,6.865,0.18K,-5.56%
4/13/2020,7.28,7.28,7.28,7.28,,0.00%
4/9/2020,7.28,7.475,7.525,7.235,0.21K,0.28%
4/8/2020,7.26,7.3,7.4,7.26,0.49K,-0.34%
4/7/2020,7.285,7.4,7.5,7.3,0.16K,0.00%
4/6/2020,7.285,6.8,7.4,6.8,0.09K,5.27%
4/3/2020,6.92,6.825,7.025,6.775,0.44K,-0.22%
4/2/2020,6.935,7.275,7.275,6.86,0.41K,1.61%
4/1/2020,6.825,6.725,6.85,6.725,1.02K,-1.09%
3/31/2020,6.9,7.1,7.175,7.1,0.09K,0.07%
3/30/2020,6.895,6.895,6.895,6.895,0.18K,-4.50%
3/27/2020,7.22,7.25,7.335,7.17,1.00K,-4.69%
3/26/2020,7.575,7.58,7.605,7.58,0.61K,-2.19%
3/25/2020,7.745,7.765,7.765,7.765,0.06K,-2.09%
3/24/2020,7.91,8.05,8.1,7.86,0.19K,0.76%
3/23/2020,7.85,8.02,8.02,7.935,0.15K,-5.36%
3/20/2020,8.295,8.295,8.295,8.295,0.08K,-2.93%
3/19/2020,8.545,8.425,8.55,8.365,0.37K,3.39%
3/18/2020,8.265,8.3,8.32,8.165,0.93K,-2.42%
3/17/2020,8.47,8.775,8.775,8.425,0.74K,-3.09%
3/16/2020,8.74,8.7,8.77,8.645,0.62K,-5.87%
3/13/2020,9.285,9.36,9.635,9.255,0.35K,-0.43%
3/12/2020,9.325,9.1,9.39,9.1,0.44K,-0.48%
3/11/2020,9.37,8.975,9.38,8.975,0.29K,4.17%
3/10/2020,8.995,8.875,9.05,8.84,0.68K,4.29%
3/9/2020,8.625,8.275,8.625,8.275,0.41K,-0.23%
3/6/2020,8.645,8.775,8.775,8.56,0.44K,-2.32%
3/5/2020,8.85,8.9,8.9,8.825,0.91K,-0.67%
3/4/2020,8.91,8.975,9.055,8.825,2.14K,-2.84%
3/3/2020,9.17,9.02,9.21,9.02,0.45K,3.21%
3/2/2020,8.885,9,9.05,8.795,1.62K,0.11%
2/28/2020,8.875,8.65,8.95,8.65,0.17K,0.06%
2/27/2020,8.87,8.87,8.87,8.87,,-2.21%
2/26/2020,9.07,8.875,9.075,8.8,0.35K,0.72%
2/25/2020,9.005,9,9,8.925,0.70K,-0.44%
2/24/2020,9.045,9.21,9.21,9.125,0.26K,-3.88%
2/21/2020,9.41,9.3,9.51,9.3,0.07K,-1.62%
2/20/2020,9.565,9.575,9.575,9.375,0.19K,-0.05%
2/19/2020,9.57,9.225,9.545,9.225,0.12K,2.03%
2/18/2020,9.38,9.2,9.49,9.2,0.21K,5.63%
2/14/2020,8.88,8.925,8.925,8.925,0.02K,-0.11%
2/13/2020,8.89,8.575,8.8,8.575,0.18K,1.95%
2/12/2020,8.72,8.575,8.765,8.575,0.07K,1.93%
2/11/2020,8.555,8.5,8.65,8.5,0.14K,-1.04%
2/10/2020,8.645,8.775,8.775,8.575,0.14K,-4.69%
2/7/2020,9.07,9.22,9.22,8.985,0.06K,-0.87%
2/6/2020,9.15,8.925,9.195,8.925,0.20K,-1.77%
2/5/2020,9.315,9.435,9.435,9.28,0.09K,-0.53%
2/4/2020,9.365,9.285,9.385,9.1,0.34K,1.68%
2/3/2020,9.21,9.6,9.6,9.19,0.17K,-5.59%
1/31/2020,9.755,9.975,10.01,9.93,0.02K,-0.26%
1/30/2020,9.78,10,10,10,0.17K,-3.65%
1/29/2020,10.15,10.675,10.675,10.335,0.10K,-5.93%
1/28/2020,10.79,10.8,10.8,10.75,0.05K,2.52%
1/27/2020,10.525,10.505,10.585,10.475,0.11K,0.67%
1/24/2020,10.455,10.63,10.63,10.485,0.15K,0.24%
1/23/2020,10.43,10.375,10.45,10.23,0.26K,-0.24%
1/22/2020,10.455,10.66,10.66,10.37,0.49K,-2.97%
1/21/2020,10.775,10.665,10.945,10.6,0.28K,-1.42%
1/17/2020,10.93,11.05,11.05,10.94,0.15K,-1.66%
1/16/2020,11.115,11.425,11.425,11.015,0.19K,-0.58%
1/15/2020,11.18,11.275,11.3,11.2,0.12K,-1.11%
1/14/2020,11.305,12.025,12.025,11.69,0.07K,-6.22%
1/13/2020,12.055,12.15,12.15,12.075,0.40K,0.96%
1/10/2020,11.94,12.2,12.225,11.95,1.15K,-1.97%
1/9/2020,12.18,11.925,12.25,11.925,1.14K,1.80%
1/8/2020,11.965,11.835,12.05,11.825,0.64K,0.29%
1/7/2020,11.93,11.95,12.15,11.865,0.52K,-2.85%
1/6/2020,12.28,12.695,12.7,12.695,0.03K,-5.43%
1/3/2020,12.985,12.405,12.75,12.405,0.25K,7.54%
1/2/2020,12.075,12.435,12.46,12.135,0.44K,0.21%
12/31/2019,12.05,12.05,12.05,12.05,,-1.99%
12/30/2019,12.295,12.295,12.295,12.295,,-3.68%
12/27/2019,12.765,12.765,12.765,12.765,,1.27%
12/26/2019,12.605,12.605,12.605,12.605,,0.00%
12/24/2019,12.605,12.61,12.61,12.61,0.02K,-3.22%
12/23/2019,13.025,13.21,13.21,13.065,0.06K,-8.50%
12/20/2019,14.235,14.075,14.215,14.025,0.09K,-5.13%
12/19/2019,15.005,14.4,14.975,14.4,0.45K,0.37%
12/18/2019,14.95,14.35,15.01,14.35,1.03K,3.39%
12/17/2019,14.46,14.47,14.5,14.46,0.19K,4.10%
12/16/2019,13.89,13.95,13.95,13.94,0.14K,0.62%
12/13/2019,13.805,14.23,14.32,13.8,0.31K,-6.53%
12/12/2019,14.77,14.15,14.75,14.15,0.51K,5.16%
12/11/2019,14.045,14.17,14.17,14.015,0.18K,-3.34%
12/10/2019,14.53,14.37,14.5,14.31,0.20K,-2.42%
12/9/2019,14.89,14.775,14.95,14.74,0.33K,-1.65%
12/6/2019,15.14,15.175,15.275,15.1,0.39K,-1.78%
12/5/2019,15.415,15.6,15.675,15.575,0.37K,-2.93%
12/4/2019,15.88,15.6,15.9,15.6,0.56K,0.70%
12/3/2019,15.77,15.675,15.835,15.675,0.35K,-0.25%
12/2/2019,15.81,15.955,16,15.8,0.17K,-3.18%
11/29/2019,16.33,16.33,16.33,16.33,,2.19%
11/27/2019,15.98,15.95,16.1,15.875,0.22K,0.82%
11/26/2019,15.85,16,16.045,15.855,0.07K,-2.37%
11/25/2019,16.235,16.475,16.475,16.275,0.09K,1.15%
11/22/2019,16.05,16,16.15,15.95,0.35K,2.72%
11/21/2019,15.625,15.675,15.8,15.65,0.46K,0.22%
11/20/2019,15.59,15.3,15.525,15.25,0.11K,1.96%
11/19/2019,15.29,15.15,15.4,15.15,0.32K,0.39%
11/18/2019,15.23,15.375,15.4,15.175,0.44K,-3.09%
11/15/2019,15.715,15.4,15.725,15.4,0.46K,0.29%
11/14/2019,15.67,15.45,15.7,15.45,0.75K,1.42%
11/13/2019,15.45,15.275,15.475,15.275,0.16K,-0.61%
11/12/2019,15.545,15.6,15.6,15.48,0.39K,-1.89%
11/11/2019,15.845,15.875,15.925,15.825,0.62K,-0.60%
11/8/2019,15.94,16.175,16.2,15.875,0.18K,-1.12%
11/7/2019,16.12,16.225,16.3,16.14,0.64K,-0.98%
11/6/2019,16.28,16.575,16.575,16.3,0.85K,-3.04%
11/5/2019,16.79,16.75,16.905,16.7,1.08K,1.88%
11/4/2019,16.48,16.3,16.675,16.15,1.05K,1.89%
11/1/2019,16.175,16.35,16.35,16.175,0.52K,0.25%
10/31/2019,16.135,16.05,16.175,16.025,0.32K,17.09%
10/30/2019,13.78,13.625,13.625,13.625,0.06K,-0.40%
10/29/2019,13.835,14.5,14.5,14.4,0.15K,-3.86%
10/28/2019,14.39,14.575,14.65,14.45,0.34K,-5.55%
10/25/2019,15.235,15.55,15.55,15.4,0.21K,-2.68%
10/24/2019,15.655,15.15,15.65,15.15,0.29K,1.56%
10/23/2019,15.415,15.3,15.45,15.3,0.11K,-1.15%
10/22/2019,15.595,15.75,15.75,15.75,0.03K,-0.10%
10/21/2019,15.61,16.21,16.21,15.65,0.04K,-2.22%
10/18/2019,15.965,16.245,16.245,15.875,0.36K,-0.37%
10/17/2019,16.025,15.825,16.05,15.75,0.39K,-0.31%
10/16/2019,16.075,16.225,16.245,16.15,0.08K,0.06%
10/15/2019,16.065,16.05,16.05,16.05,0.01K,0.16%
10/14/2019,16.04,15.95,15.95,15.95,0.06K,-0.59%
10/11/2019,16.135,16.125,16.15,15.825,0.30K,1.80%
10/10/2019,15.85,15.825,15.825,15.475,0.49K,1.77%
10/9/2019,15.575,15.3,15.925,15.3,1.26K,-0.42%
10/8/2019,15.64,15.65,15.7,15.425,0.76K,0.87%
10/7/2019,15.505,15.2,15.475,15.2,0.22K,-1.68%
10/4/2019,15.77,16.35,16.5,15.75,0.16K,-1.50%
10/3/2019,16.01,16,16.225,15.85,0.31K,0.03%
10/2/2019,16.005,16.3,16.3,15.925,0.20K,-4.50%
10/1/2019,16.76,16.25,16.725,16.185,0.20K,2.26%
9/30/2019,16.39,16.68,16.69,16.68,0.02K,37.27%
9/27/2019,11.94,11.94,11.94,11.94,,-0.87%
9/26/2019,12.045,12.045,12.045,12.045,,0.79%
9/25/2019,11.95,11.935,12.05,11.935,0.21K,-3.16%
9/24/2019,12.34,12.175,12.6,12.175,0.04K,0.78%
9/23/2019,12.245,12.245,12.245,12.245,,-3.66%
9/20/2019,12.71,12.575,12.575,12.575,0.05K,3.71%
9/19/2019,12.255,12.255,12.255,12.255,0.04K,-1.45%
9/18/2019,12.435,12.8,12.8,12.535,0.02K,-7.48%
9/17/2019,13.44,14.175,14.175,13.525,0.07K,-12.36%
9/16/2019,15.335,15.155,15.155,15.155,0.01K,4.25%
9/13/2019,14.71,15.65,15.65,15.645,0.05K,1.69%
9/12/2019,14.465,14.545,14.545,14.545,0.05K,0.77%
9/11/2019,14.355,14.05,14.495,14.05,0.05K,-0.35%
9/10/2019,14.405,12.35,13.8,12.35,0.28K,17.74%
9/9/2019,12.235,12.675,12.675,12.3,0.41K,-0.93%
9/6/2019,12.35,12.175,12.175,12.1,0.25K,0.94%
9/5/2019,12.235,11.8,12,11.8,0.33K,2.30%
9/4/2019,11.96,12.15,12.15,12.1,0.08K,-1.16%
9/3/2019,12.1,11.95,12.125,11.675,1.00K,-5.43%
8/30/2019,12.795,12.795,12.795,12.795,0.01K,19.41%
8/29/2019,10.715,10.425,10.64,10.425,0.02K,4.69%
8/28/2019,10.235,10.35,10.35,10.225,0.22K,1.64%
8/27/2019,10.07,10.15,10.25,10.15,0.08K,-2.38%
8/26/2019,10.315,10.315,10.315,10.315,,-2.55%
8/23/2019,10.585,10.825,10.825,10.65,0.04K,-3.69%
8/22/2019,10.99,11.275,11.375,10.98,0.16K,-3.72%
8/21/2019,11.415,11.2,11.7,11.2,0.51K,1.78%
8/20/2019,11.215,11.3,11.305,11.225,0.05K,3.99%
8/19/2019,10.785,10.8,11.1,10.76,0.22K,-1.55%
8/16/2019,10.955,11.175,11.35,10.925,0.11K,-2.41%
8/15/2019,11.225,11.15,11.25,11.075,0.13K,0.40%
8/14/2019,11.18,11.5,11.6,11.225,0.24K,-5.73%
8/13/2019,11.86,11.45,11.75,11.45,0.29K,3.85%
8/12/2019,11.42,11.95,12.05,11.38,0.26K,-5.03%
8/9/2019,12.025,12.05,12.2,11.795,0.13K,-0.41%
8/8/2019,12.075,11.25,12.04,11.2,0.43K,5.83%
8/7/2019,11.41,11,11.4,10.9,0.48K,4.20%
8/6/2019,10.95,11.175,11.25,10.875,0.86K,-4.49%
8/5/2019,11.465,11.975,12.15,11.375,1.09K,-4.58%
8/2/2019,12.015,11.96,12.655,11.96,0.07K,-2.79%
8/1/2019,12.36,11.675,12.345,11.55,0.39K,12.36%
7/31/2019,11,11,11,11,,12.36%
7/30/2019,9.79,9.85,9.9,9.725,0.27K,-0.20%
7/29/2019,9.81,10.075,10.15,9.75,0.41K,-1.56%
7/26/2019,9.965,10,10.125,9.875,0.58K,-0.60%
7/25/2019,10.025,10.25,10.275,10.05,0.38K,-0.50%
7/24/2019,10.075,10.375,10.475,10.2,0.26K,-6.28%
7/23/2019,10.75,10.125,10.4,10.125,0.27K,5.81%
7/22/2019,10.16,10.9,10.95,10.375,0.80K,-6.06%
7/19/2019,10.815,10.9,10.9,10.9,0.02K,0.75%
7/18/2019,10.735,11.075,11.125,10.625,0.94K,-2.32%
7/17/2019,10.99,11,11.275,10.825,0.09K,-3.72%
7/16/2019,11.415,12.13,12.13,12.13,0.02K,-11.48%
7/15/2019,12.895,13.725,13.725,13.41,0.14K,-2.90%
7/12/2019,13.28,12.65,13.15,12.65,0.09K,1.14%
7/11/2019,13.13,12.725,12.85,12.3,0.09K,8.20%
7/10/2019,12.135,11.35,12.125,11.35,0.39K,3.19%
7/9/2019,11.76,12.225,12.675,11.85,0.92K,-1.01%
7/8/2019,11.88,11.105,12.075,11.105,1.03K,5.93%
7/5/2019,11.215,10.575,11.245,10.255,0.17K,8.94%
7/3/2019,10.295,10.375,10.375,10.175,0.15K,0.68%
7/2/2019,10.225,10.65,10.855,10.25,0.13K,-1.35%
7/1/2019,10.365,10.57,10.675,10.25,0.17K,2.47%
6/28/2019,10.115,9.75,9.765,9.75,0.04K,7.89%
6/27/2019,9.375,9.375,9.375,9.375,,-2.55%
6/26/2019,9.62,9.62,9.62,9.62,,-2.29%
6/25/2019,9.845,9.875,9.875,9.875,0.01K,-3.48%
6/24/2019,10.2,10.2,10.2,10.2,0.01K,-1.50%
6/21/2019,10.355,9.8,10.295,9.775,0.07K,2.02%
6/20/2019,10.15,10.15,10.15,10.15,,-3.20%
6/19/2019,10.485,10.485,10.485,10.485,,-4.98%
6/18/2019,11.035,11.4,11.4,11.275,0.05K,-4.62%
6/17/2019,11.57,11.355,11.355,11.28,0.03K,2.21%
6/14/2019,11.32,11.35,11.35,11.35,0.02K,-0.66%
6/13/2019,11.395,11.52,11.63,11.35,0.04K,2.29%
6/12/2019,11.14,11.205,11.205,11.205,0.01K,-0.54%
6/11/2019,11.2,11.48,11.48,11.48,0.02K,-5.12%
6/10/2019,11.805,11.65,11.65,11.65,0.05K,2.47%
6/7/2019,11.52,11.245,11.475,11.245,0.05K,3.74%
6/6/2019,11.105,11.32,11.32,11.32,0.06K,-4.27%
6/5/2019,11.6,11.6,11.6,11.6,0.01K,-2.60%
6/4/2019,11.91,11.91,11.91,11.91,,7.30%
6/3/2019,11.1,11.1,11.1,11.1,,-0.94%
5/31/2019,11.205,11.205,11.205,11.205,0.01K,-2.35%
5/30/2019,11.475,11.475,11.475,11.475,,-6.13%
5/29/2019,12.225,12.225,12.225,12.225,,-2.36%
5/28/2019,12.52,12.52,12.52,12.52,,2.20%
5/24/2019,12.25,12.435,12.435,12.415,0.02K,-2.74%
5/23/2019,12.595,12.595,12.595,12.595,,-0.43%
5/22/2019,12.65,12.885,12.885,12.885,0.01K,-0.43%
5/21/2019,12.705,12.6,12.6,12.6,0.01K,-1.55%
5/20/2019,12.905,12.905,12.905,12.905,,0.39%
5/17/2019,12.855,12.935,12.935,12.935,0.00K,-3.96%
5/16/2019,13.385,13.385,13.385,13.385,,-3.39%
5/15/2019,13.855,13.855,13.855,13.855,,0.51%
5/14/2019,13.785,13.785,13.785,13.785,,0.18%
5/13/2019,13.76,13.76,13.76,13.76,,-1.68%
5/10/2019,13.995,13.995,13.995,13.995,,-3.18%
5/9/2019,14.455,14.455,14.455,14.455,,0.94%
5/8/2019,14.32,14.175,14.35,14.15,0.02K,1.17%
5/7/2019,14.155,14.325,14.325,14.125,0.04K,-1.26%
5/6/2019,14.335,14.335,14.335,14.335,,-1.58%
5/3/2019,14.565,14.565,14.565,14.565,,1.39%
5/2/2019,14.365,14.365,14.365,14.365,,2.21%
5/1/2019,14.055,14.1,14.1,14.05,0.03K,-2.33%
4/30/2019,14.39,14.425,14.425,14.425,0.01K,-0.93%
4/29/2019,14.525,14.525,14.525,14.525,,0.69%
4/26/2019,14.425,14.725,14.775,14.675,0.11K,-0.76%
4/25/2019,14.535,14.535,14.535,14.535,,1.89%
4/24/2019,14.265,14.425,14.425,14.425,0.01K,-1.07%
4/23/2019,14.42,14.105,14.5,14.105,0.04K,-0.28%
4/22/2019,14.46,14.46,14.46,14.46,,0.00%
4/18/2019,14.46,15,15,15,0.01K,-4.84%
4/17/2019,15.195,15.195,15.195,15.195,,2.43%
4/16/2019,14.835,14.85,14.85,14.85,0.01K,-1.17%
4/15/2019,15.01,15.64,15.64,15.285,0.03K,-5.33%
4/12/2019,15.855,15.895,15.9,15.8,0.03K,-0.88%
4/11/2019,15.995,15.55,15.9,15.55,0.04K,1.68%
4/10/2019,15.73,15.73,15.73,15.73,0.01K,-6.12%
4/9/2019,16.755,16.755,16.755,16.755,,4.95%
4/8/2019,15.965,16.575,16.95,16.2,0.04K,-4.03%
4/5/2019,16.635,16.635,16.635,16.635,0.01K,12.36%
4/4/2019,14.805,14.6,14.6,14.6,0.02K,4.33%
4/3/2019,14.19,13.7,13.7,13.7,0.02K,5.46%
4/2/2019,13.455,13.455,13.455,13.455,0.01K,-2.82%
4/1/2019,13.845,13.845,13.845,13.845,,-2.60%
3/29/2019,14.215,14.225,14.225,14.225,0.01K,-1.49%
3/28/2019,14.43,14.8,14.875,14.8,0.71K,-3.77%
3/27/2019,14.995,14.5,14.675,14.5,0.09K,4.24%
3/26/2019,14.385,14.2,14.415,14.2,0.13K,1.41%
3/25/2019,14.185,14.185,14.185,14.175,0.02K,-1.87%
3/22/2019,14.455,14.425,14.455,14.355,0.04K,-0.76%
3/21/2019,14.565,14.92,14.92,14.55,0.09K,-4.27%
3/20/2019,15.215,15.075,15.075,15.075,0.02K,1.40%
3/19/2019,15.005,15.2,15.25,14.975,0.13K,0.17%
3/18/2019,14.98,14.9,15.175,14.9,0.97K,-1.77%
3/15/2019,15.25,15.485,15.485,15.275,0.08K,-2.27%
3/14/2019,15.605,15.825,15.825,15.6,0.19K,-0.76%
3/13/2019,15.725,15.725,15.725,15.725,0.01K,-2.99%
3/12/2019,16.21,16.425,16.525,16.05,0.78K,-2.50%
3/11/2019,16.625,16.7,16.7,16.59,0.07K,-0.63%
3/8/2019,16.73,16.85,16.85,16.72,0.39K,-0.83%
3/7/2019,16.87,16.95,16.95,16.75,0.15K,0.12%
3/6/2019,16.85,17.025,17.05,17,0.11K,-1.92%
3/5/2019,17.18,17.475,17.475,17.175,0.36K,-1.26%
3/4/2019,17.4,17.375,17.5,17.375,0.07K,0.46%
3/1/2019,17.32,17.32,17.32,17.32,,-2.78%
2/28/2019,17.815,17.815,17.815,17.815,0.04K,1.14%
2/27/2019,17.615,17.325,17.635,17.325,0.05K,3.34%
2/26/2019,17.045,17.045,17.045,17.045,,0.59%
2/25/2019,16.945,17,17,17,0.01K,-1.65%
2/22/2019,17.23,17.23,17.23,17.23,,-1.66%
2/21/2019,17.52,17.52,17.52,17.52,,-3.44%
2/20/2019,18.145,18.145,18.145,18.145,,2.49%
2/19/2019,17.705,17.75,17.83,17.75,0.01K,-2.18%
2/15/2019,18.1,18.1,18.1,18.1,,1.94%
2/14/2019,17.755,18.165,18.165,17.81,0.03K,-1.47%
2/13/2019,18.02,17.8,17.875,17.8,0.10K,1.32%
2/12/2019,17.785,18,18,17.875,0.07K,-1.50%
2/11/2019,18.055,17.825,18.125,17.75,0.42K,-1.15%
2/8/2019,18.265,18.515,18.515,18.265,0.01K,-3.41%
2/7/2019,18.91,19.185,19.185,18.86,0.06K,-0.03%
2/6/2019,18.915,19.075,19.15,18.95,0.12K,-1.18%
2/5/2019,19.14,19.14,19.14,19.14,,-1.11%
2/4/2019,19.355,19.355,19.355,19.355,,0.28%
2/1/2019,19.3,19.3,19.3,19.3,,-2.77%
1/31/2019,19.85,19.665,19.665,19.665,0.01K,-1.64%
1/30/2019,20.18,20.18,20.18,20.18,,-1.97%
1/29/2019,20.585,20.6,20.6,20.6,0.02K,0.17%
1/28/2019,20.55,20.52,20.52,20.5,0.01K,-1.63%
1/25/2019,20.89,20.735,20.895,20.69,0.03K,-1.83%
1/24/2019,21.28,21.72,21.815,21.36,0.08K,-4.10%
1/23/2019,22.19,22.225,22.3,22.13,0.05K,1.72%
1/22/2019,21.815,21.805,21.885,21.605,0.13K,-3.49%
1/18/2019,22.605,22.84,23.015,22.525,0.09K,-1.70%
1/17/2019,22.995,22.64,23.135,22.64,0.03K,4.50%
1/16/2019,22.005,22.3,22.3,22.095,0.02K,0.02%
1/15/2019,22,22.035,22.035,21.945,0.02K,1.50%
1/14/2019,21.675,21.91,21.91,21.685,0.05K,-2.61%
1/11/2019,22.255,22.39,22.39,22.085,0.08K,2.68%
1/10/2019,21.675,21.705,21.705,21.705,0.01K,-0.21%
1/9/2019,21.72,22.515,22.515,21.745,0.02K,-1.67%
1/8/2019,22.09,22.165,22.165,22.165,0.01K,2.60%
1/7/2019,21.53,21.91,21.91,21.47,0.04K,-6.11%
1/4/2019,22.93,22.845,22.955,22.81,0.04K,3.03%
1/3/2019,22.255,22.215,22.215,22.115,0.01K,-0.98%
1/2/2019,22.475,22.28,22.55,22.145,0.02K,2.25%
12/31/2018,21.98,22.26,22.26,22.18,0.01K,-3.64%
12/28/2018,22.81,22.81,22.81,22.81,,-2.19%
12/27/2018,23.32,23.32,23.32,23.32,0.03K,-3.82%
12/26/2018,24.245,24.245,24.245,24.245,,0.00%
12/24/2018,24.245,24.735,24.76,24.275,0.06K,-2.63%
12/21/2018,24.9,24.65,24.745,24.65,0.06K,1.20%
12/20/2018,24.605,24.605,24.605,24.605,0.05K,1.63%
12/19/2018,24.21,24.21,24.21,24.21,0.03K,2.02%
12/18/2018,23.73,24.035,24.035,23.725,0.07K,-3.85%
12/17/2018,24.68,24.65,24.65,24.65,0.03K,0.14%
12/14/2018,24.645,24.665,24.79,24.66,0.03K,1.73%
12/13/2018,24.225,24.375,24.375,24.375,0.02K,1.28%
12/12/2018,23.92,24.05,24.19,24.05,0.03K,1.27%
12/11/2018,23.62,23.545,23.63,23.545,0.05K,1.59%
12/10/2018,23.25,23.265,23.3,23.265,0.03K,0.45%
12/7/2018,23.145,22.84,23.175,22.84,0.06K,-0.09%
12/6/2018,23.165,23.305,23.395,23.135,0.05K,-2.75%
12/5/2018,23.82,24.11,24.11,24.11,0.09K,-2.44%
12/4/2018,24.415,24.395,24.395,24.375,0.04K,-2.67%
12/3/2018,25.085,25.085,25.085,25.085,0.04K,1.60%
11/30/2018,24.69,24.69,24.69,24.69,0.01K,0.22%
11/29/2018,24.635,24.635,24.635,24.635,,1.38%
11/28/2018,24.3,24.4,24.4,24.4,0.02K,-3.42%
11/27/2018,25.16,24.795,24.995,24.79,0.03K,2.51%
11/26/2018,24.545,24.27,24.55,24.115,0.04K,-1.11%
11/23/2018,24.82,24.035,25.17,24.035,0.06K,1.31%
11/21/2018,24.5,24.195,24.42,24.195,0.02K,0.62%
11/20/2018,24.35,24.43,24.5,24.265,0.06K,0.83%
11/19/2018,24.15,24.31,24.39,24.31,0.01K,-6.95%
11/16/2018,25.955,26.725,26.725,25.65,0.06K,-2.70%
11/15/2018,26.675,26.15,26.72,26.15,0.06K,1.50%
11/14/2018,26.28,26.26,26.475,26.26,0.03K,-0.90%
11/13/2018,26.52,26.235,26.58,26.235,0.09K,2.18%
11/12/2018,25.955,25.625,25.905,25.625,0.05K,6.70%
11/9/2018,24.325,24.76,24.76,24.545,0.02K,-0.43%
11/8/2018,24.43,24.63,24.63,24.63,0.01K,0.04%
11/7/2018,24.42,24.33,24.445,24.33,0.02K,2.20%
11/6/2018,23.895,23.625,23.77,23.625,0.02K,0.36%
11/5/2018,23.81,23.81,23.81,23.81,,-1.96%
11/2/2018,24.285,23.905,23.97,23.905,0.01K,2.68%
11/1/2018,23.65,23.975,23.975,23.975,0.01K,-2.81%
10/31/2018,24.335,24.335,24.335,24.335,,1.93%
10/30/2018,23.875,23.875,23.875,23.875,,-2.87%
10/29/2018,24.58,24.58,24.58,24.58,,1.24%
10/26/2018,24.28,24.28,24.28,24.28,,-2.35%
10/25/2018,24.865,24.865,24.865,24.865,,-1.56%
10/24/2018,25.26,25.26,25.26,25.26,,-1.58%
10/23/2018,25.665,25.665,25.665,25.665,,-1.72%
10/22/2018,26.115,26.115,26.115,26.115,,-2.77%
10/19/2018,26.86,26.86,26.86,26.86,,3.21%
10/18/2018,26.025,26.025,26.025,26.025,,0.33%
10/17/2018,25.94,25.625,25.625,25.625,0.00K,-1.48%
10/16/2018,26.33,26.33,26.33,26.33,0.01K,-1.11%
10/15/2018,26.625,27.05,27.05,27.05,0.01K,-0.02%
10/12/2018,26.63,26.63,26.63,26.63,,3.38%
10/11/2018,25.76,25.925,25.925,25.925,0.01K,-1.75%
10/10/2018,26.22,26.625,26.625,26.625,0.02K,-2.29%
10/9/2018,26.835,26.835,26.835,26.835,,-1.41%
10/8/2018,27.22,27.22,27.22,27.22,,-2.44%
10/5/2018,27.9,27.9,27.9,27.9,,1.57%
10/4/2018,27.47,27.47,27.47,27.47,,1.31%
10/3/2018,27.115,27.115,27.115,27.115,,-0.51%
10/2/2018,27.255,27.86,27.86,27.425,0.01K,-0.69%
10/1/2018,27.445,26.735,27.355,26.585,0.07K,0.42%
9/28/2018,27.33,27.9,27.9,27.445,0.07K,-0.89%
9/27/2018,27.575,27.575,27.575,27.575,,-2.42%
9/26/2018,28.26,28.26,28.26,28.26,,-3.32%
9/25/2018,29.23,29.355,29.535,28.815,0.06K,-0.05%
9/24/2018,29.245,29.49,29.56,29.3,0.08K,1.81%
9/21/2018,28.725,28.105,28.79,28.055,0.09K,0.47%
9/20/2018,28.59,28.83,29.07,28.595,0.10K,0.95%
9/19/2018,28.32,27.735,28.38,27.735,0.03K,3.32%
9/18/2018,27.41,27.585,27.585,27.275,0.07K,-2.37%
9/17/2018,28.075,28.195,28.195,27.815,0.09K,4.25%
9/14/2018,26.93,27.025,27.11,26.785,0.09K,0.45%
9/13/2018,26.81,27.335,27.375,26.655,0.09K,-2.49%
9/12/2018,27.495,27.64,28.145,27.46,0.07K,-4.46%
9/11/2018,28.78,28.27,28.65,28.25,0.02K,-1.18%
9/10/2018,29.125,28.59,28.775,28.54,0.03K,4.06%
9/7/2018,27.99,28.025,28.025,28.025,0.01K,1.95%
9/6/2018,27.455,27.42,27.42,27.41,0.01K,1.61%
9/5/2018,27.02,27.02,27.02,27.02,,1.16%
9/4/2018,26.71,26.965,26.965,26.665,0.05K,3.39%
8/31/2018,25.835,26.025,26.025,26.025,0.01K,-1.13%
8/30/2018,26.13,26.13,26.13,26.13,,1.01%
8/29/2018,25.87,25.87,25.87,25.87,,2.01%
8/28/2018,25.36,25.5,25.5,25.5,0.01K,-0.20%
8/27/2018,25.41,25.41,25.41,25.41,,1.74%
8/24/2018,24.975,24.875,24.895,24.875,0.01K,0.87%
8/23/2018,24.76,24.825,24.825,24.71,0.01K,1.27%
8/22/2018,24.45,24.725,24.725,24.41,0.02K,0.18%
8/21/2018,24.405,24.405,24.405,24.405,,0.93%
8/20/2018,24.18,23.915,24.18,23.82,0.02K,0.10%
8/17/2018,24.155,24.16,24.185,24.16,0.01K,1.34%
8/16/2018,23.835,23.88,23.88,23.85,0.05K,1.34%
8/15/2018,23.52,23.525,23.525,23.47,0.02K,-0.86%
8/14/2018,23.725,23.78,23.78,23.78,0.01K,0.96%
8/13/2018,23.5,23.5,23.5,23.5,,2.71%
8/10/2018,22.88,22.625,22.625,22.595,0.02K,0.73%
8/9/2018,22.715,22.775,22.8,22.775,0.01K,0.51%
8/8/2018,22.6,22.675,22.675,22.65,0.02K,-0.04%
8/7/2018,22.61,22.8,22.8,22.775,0.01K,0.49%
8/6/2018,22.5,22.5,22.5,22.5,,1.08%
8/3/2018,22.26,22.26,22.26,22.26,,1.48%
8/2/2018,21.935,22,22,22,0.01K,0.02%
8/1/2018,21.93,21.93,21.93,21.93,,-0.84%
7/31/2018,22.115,22.115,22.115,22.115,0.01K,0.25%
7/30/2018,22.06,22.06,22.06,22.06,,0.78%
7/27/2018,21.89,21.89,21.89,21.89,,-1.02%
7/26/2018,22.115,22.115,22.115,22.115,,-0.25%
7/25/2018,22.17,22.17,22.17,22.17,,0.34%
7/24/2018,22.095,22.095,22.095,22.095,,0.30%
7/23/2018,22.03,22.03,22.03,22.03,,0.71%
7/20/2018,21.875,21.875,21.875,21.875,,-1.26%
7/19/2018,22.155,22.3,22.3,22.3,0.01K,0.07%
7/18/2018,22.14,22.14,22.14,22.14,,1.33%
7/17/2018,21.85,21.85,21.85,21.85,,-0.77%
7/16/2018,22.02,22.02,22.02,22.02,,-1.10%
7/13/2018,22.265,22.265,22.265,22.265,,1.34%
7/12/2018,21.97,21.97,21.97,21.97,,-2.70%
7/11/2018,22.58,22.58,22.58,22.58,,-0.66%
7/10/2018,22.73,22.73,22.73,22.73,,0.00%
7/9/2018,22.73,22.73,22.73,22.73,,1.68%
7/6/2018,22.355,22.355,22.355,22.355,,-0.49%
7/5/2018,22.465,22.465,22.465,22.465,,0.92%
7/3/2018,22.26,22.26,22.26,22.26,,0.09%
7/2/2018,22.24,22.24,22.24,22.24,,1.67%
6/29/2018,21.875,21.875,21.875,21.875,,-0.39%
6/28/2018,21.96,21.96,21.96,21.96,,-0.34%
6/27/2018,22.035,22.035,22.035,22.035,,2.51%
6/26/2018,21.495,21.495,21.495,21.495,0.02K,-0.23%
6/25/2018,21.545,21.63,21.63,21.63,0.01K,-0.51%
6/22/2018,21.655,21.655,21.655,21.655,0.01K,0.51%
6/21/2018,21.545,21.545,21.545,21.545,,0.21%
6/20/2018,21.5,21.5,21.5,21.5,0.00K,-0.90%
6/19/2018,21.695,21.695,21.695,21.695,0.00K,-2.01%
6/18/2018,22.14,22.14,22.14,22.14,,1.79%
6/15/2018,21.75,21.75,21.75,21.75,,-2.71%
6/14/2018,22.355,22.355,22.355,22.355,,-0.11%
6/13/2018,22.38,22.38,22.38,22.38,,2.73%
6/12/2018,21.785,21.785,21.785,21.785,,2.04%
6/11/2018,21.35,21.35,21.35,21.35,,-0.88%
6/8/2018,21.54,21.54,21.54,21.54,,-0.58%
6/7/2018,21.665,21.665,21.665,21.665,,1.62%
6/6/2018,21.32,21.32,21.32,21.32,,-0.51%
6/5/2018,21.43,21.43,21.43,21.43,,-2.17%
6/4/2018,21.905,21.905,21.905,21.905,,0.60%
6/1/2018,21.775,21.775,21.775,21.775,,-3.57%
5/31/2018,22.58,22.58,22.58,22.58,,-1.76%
5/30/2018,22.985,22.985,22.985,22.985,,1.46%
5/29/2018,22.655,22.655,22.655,22.655,,3.90%
5/25/2018,21.805,22.26,22.26,22.13,0.02K,-3.92%
5/24/2018,22.695,22.695,22.695,22.695,,-0.09%
5/23/2018,22.715,22.715,22.715,22.715,,-0.83%
5/22/2018,22.905,22.905,22.905,22.905,,2.37%
5/21/2018,22.375,22.375,22.375,22.375,,1.45%
5/18/2018,22.055,22.055,22.055,22.055,,-1.10%
5/17/2018,22.3,22.3,22.3,22.3,,2.91%
5/16/2018,21.67,21.395,21.395,21.395,0.01K,0.60%
5/15/2018,21.54,21.54,21.54,21.54,0.03K,-0.39%
5/14/2018,21.625,21.625,21.625,21.625,,1.69%
5/11/2018,21.265,21.265,21.265,21.265,0.01K,1.24%
5/10/2018,21.005,21.005,21.005,21.005,,0.77%
5/9/2018,20.845,21.135,21.135,20.84,0.02K,1.19%
5/8/2018,20.6,20.6,20.6,20.6,,0.88%
5/7/2018,20.42,20.42,20.42,20.42,,0.00%
5/4/2018,20.42,20.42,20.42,20.42,,2.36%
5/3/2018,19.95,19.95,19.95,19.95,,0.43%
5/2/2018,19.865,19.865,19.865,19.865,,-1.14%
5/1/2018,20.095,20.095,20.095,20.095,,-2.26%
4/30/2018,20.56,20.56,20.56,20.56,,1.46%
4/27/2018,20.265,20.265,20.265,20.265,,0.57%
4/26/2018,20.15,20.15,20.15,20.15,,1.36%
4/25/2018,19.88,19.55,19.56,19.55,0.02K,1.04%
4/24/2018,19.675,19.635,19.635,19.625,0.02K,-1.08%
4/23/2018,19.89,19.89,19.89,19.89,,0.45%
4/20/2018,19.8,19.835,19.835,19.835,0.01K,-0.30%
4/19/2018,19.86,19.52,19.52,19.52,0.02K,2.85%
4/18/2018,19.31,19.31,19.31,19.31,,1.55%
4/17/2018,19.015,19.015,19.015,19.015,,-1.73%
4/16/2018,19.35,19.35,19.35,19.35,,-1.12%
4/13/2018,19.57,19.57,19.57,19.57,,1.85%
4/12/2018,19.215,19.215,19.215,19.215,,-0.21%
4/11/2018,19.255,19.255,19.255,19.255,,2.20%
4/10/2018,18.84,18.84,18.84,18.84,,1.05%
4/9/2018,18.645,18.645,18.645,18.645,,2.56%
4/6/2018,18.18,18.18,18.18,18.18,,0.28%
4/5/2018,18.13,18.13,18.13,18.13,,-0.30%
4/4/2018,18.185,18.185,18.185,18.185,,0.80%
4/3/2018,18.04,18.04,18.04,18.04,,-1.02%
4/2/2018,18.225,18.225,18.225,18.225,,0.00%
3/29/2018,18.225,18.225,18.225,18.225,,-0.79%
3/28/2018,18.37,18.37,18.37,18.37,,-0.68%
3/27/2018,18.495,18.495,18.495,18.495,,2.81%
3/26/2018,17.99,17.99,17.99,17.99,,-2.47%
3/23/2018,18.445,18.445,18.445,18.445,,-2.97%
3/22/2018,19.01,19.01,19.01,19.01,,-1.96%
3/21/2018,19.39,19.39,19.39,19.39,0.01K,1.12%
3/20/2018,19.175,19.175,19.175,19.175,,2.54%
3/19/2018,18.7,18.7,18.7,18.7,,0.24%
3/16/2018,18.655,18.655,18.655,18.655,0.03K,-0.77%
3/15/2018,18.8,18.8,18.8,18.8,0.01K,0.99%
3/14/2018,18.615,18.615,18.615,18.615,,-4.37%
3/13/2018,19.465,19.465,19.465,19.465,,-1.24%
3/12/2018,19.71,19.71,19.71,19.71,0.05K,4.07%
3/9/2018,18.94,18.94,18.94,18.94,0.04K,3.41%
3/8/2018,18.315,18.315,18.315,18.315,,2.72%
3/7/2018,17.83,17.83,17.83,17.83,,0.73%
3/6/2018,17.7,17.7,17.7,17.7,,1.06%
3/5/2018,17.515,17.515,17.515,17.515,,-1.63%
3/2/2018,17.805,17.805,17.805,17.805,,1.40%
3/1/2018,17.56,17.56,17.56,17.56,0.05K,1.21%
2/28/2018,17.35,17.35,17.35,17.35,,-9.61%
2/27/2018,19.195,19.195,19.195,19.195,,2.70%
2/26/2018,18.69,18.69,18.69,18.69,,-8.43%
2/23/2018,20.41,20.41,20.41,20.41,,2.36%
2/22/2018,19.94,19.94,19.94,19.94,,0.81%
2/21/2018,19.78,19.78,19.78,19.78,,0.05%
2/20/2018,19.77,19.77,19.77,19.77,,8.84%
2/16/2018,18.165,18.165,18.165,18.165,,2.11%
2/15/2018,17.79,17.79,17.79,17.79,,-1.58%
2/14/2018,18.075,18.075,18.075,18.075,,-1.26%
2/13/2018,18.305,18.305,18.305,18.305,,1.98%
2/12/2018,17.95,17.95,17.95,17.95,,0.28%
2/9/2018,17.9,17.9,17.9,17.9,,0.90%
2/8/2018,17.74,17.74,17.74,17.74,,-2.29%
2/7/2018,18.155,18.155,18.155,18.155,,1.54%
2/6/2018,17.88,17.88,17.88,17.88,,1.65%
2/5/2018,17.59,17.59,17.59,17.59,,-3.14%
2/2/2018,18.16,18.16,18.16,18.16,,0.06%
2/1/2018,18.15,18.15,18.15,18.15,,1.51%
1/31/2018,17.88,17.88,17.88,17.88,,2.70%
1/30/2018,17.41,17.41,17.41,17.41,,0.09%
1/29/2018,17.395,17.395,17.395,17.395,,-2.17%
1/26/2018,17.78,17.78,17.78,17.78,,0.00%
1/25/2018,17.78,17.78,17.78,17.78,,-0.06%
1/24/2018,17.79,17.79,17.79,17.79,,-2.25%
1/23/2018,18.2,18.2,18.2,18.2,,-1.86%
1/22/2018,18.545,18.545,18.545,18.545,,1.95%
1/19/2018,18.19,18.19,18.19,18.19,,-0.87%
1/18/2018,18.35,18.35,18.35,18.35,,-0.49%
1/17/2018,18.44,18.44,18.44,18.44,,-2.43%
1/16/2018,18.9,18.9,18.9,18.9,,-4.57%
1/12/2018,19.805,19.805,19.805,19.805,,2.51%
1/11/2018,19.32,19.32,19.32,19.32,,-0.03%
1/10/2018,19.325,19.325,19.325,19.325,,-0.57%
1/9/2018,19.435,19.435,19.435,19.435,,2.02%
1/8/2018,19.05,19.05,19.05,19.05,,0.71%
1/5/2018,18.915,18.915,18.915,18.915,,-1.48%
1/4/2018,19.2,19.2,19.2,19.2,,-0.65%
1/3/2018,19.325,19.325,19.325,19.325,,0.03%
1/2/2018,19.32,19.32,19.32,19.32,,-1.53%
12/29/2017,19.62,19.62,19.62,19.62,,-0.43%
12/28/2017,19.705,19.705,19.705,19.705,,2.68%
12/27/2017,19.19,19.19,19.19,19.19,,-2.42%
12/26/2017,19.665,19.665,19.665,19.665,,0.00%
12/22/2017,19.665,19.665,19.665,19.665,,-1.67%
12/21/2017,20,20,20,20,,-1.45%
12/20/2017,20.295,20.295,20.295,20.295,,1.73%
12/19/2017,19.95,19.95,19.95,19.95,,-2.49%
12/18/2017,20.46,20.46,20.46,20.46,,-2.62%
12/15/2017,21.01,21.01,21.01,21.01,,-0.07%
12/14/2017,21.025,21.025,21.025,21.025,,1.69%
12/13/2017,20.675,20.675,20.675,20.675,,-4.86%
12/12/2017,21.73,21.73,21.73,21.73,,2.82%
12/11/2017,21.135,21.135,21.135,21.135,,1.17%
12/8/2017,20.89,20.89,20.89,20.89,,-1.76%
12/7/2017,21.265,21.265,21.265,21.265,,0.47%
12/6/2017,21.165,21.165,21.165,21.165,,-1.12%
12/5/2017,21.405,21.405,21.405,21.405,,0.14%
12/4/2017,21.375,21.375,21.375,21.375,,2.81%
12/1/2017,20.79,20.79,20.79,20.79,,2.39%
11/30/2017,20.305,20.305,20.305,20.305,,-0.22%
11/29/2017,20.35,20.35,20.35,20.35,,0.35%
11/28/2017,20.28,20.28,20.28,20.28,,-1.93%
11/27/2017,20.68,20.68,20.68,20.68,,1.10%
11/24/2017,20.455,20.455,20.455,20.455,,3.83%
11/22/2017,19.7,19.7,19.7,19.7,,-0.71%
11/21/2017,19.84,19.84,19.84,19.84,,1.74%
11/20/2017,19.5,19.5,19.5,19.5,,2.90%
11/17/2017,18.95,18.95,18.95,18.95,,-1.30%
11/16/2017,19.2,19.2,19.2,19.2,,0.97%
11/15/2017,19.015,19.015,19.015,19.015,,-1.66%
11/14/2017,19.335,19.335,19.335,19.335,,-2.86%
11/13/2017,19.905,19.905,19.905,19.905,,0.43%
11/10/2017,19.82,19.82,19.82,19.82,,1.56%
11/9/2017,19.515,19.515,19.515,19.515,,0.70%
11/8/2017,19.38,19.38,19.38,19.38,,0.28%
11/7/2017,19.325,19.325,19.325,19.325,,1.66%
11/6/2017,19.01,19.01,19.01,19.01,,3.82%
11/3/2017,18.31,18.31,18.31,18.31,,-1.45%
11/2/2017,18.58,18.58,18.58,18.58,,0.16%
11/1/2017,18.55,18.55,18.55,18.55,,1.45%
10/31/2017,18.285,18.285,18.285,18.285,,0.97%
10/30/2017,18.11,18.11,18.11,18.11,,-0.22%
10/27/2017,18.15,18.15,18.15,18.15,,0.44%
10/26/2017,18.07,18.07,18.07,18.07,,-0.22%
10/25/2017,18.11,18.11,18.11,18.11,,0.84%
10/24/2017,17.96,17.96,17.96,17.96,,-0.72%
10/23/2017,18.09,18.09,18.09,18.09,,-78.97%
