Date,Price
4/25/2005,17.55
4/26/2005,17.2
4/27/2005,16.45
4/28/2005,16
4/29/2005,16.5
5/3/2005,16.25
5/4/2005,16.2
5/5/2005,16.6
5/6/2005,16.6
5/9/2005,17
5/10/2005,17.1
5/11/2005,16.9
5/12/2005,16.75
5/13/2005,16.8
5/16/2005,16.9
5/17/2005,17.2
5/18/2005,17.45
5/19/2005,18
5/20/2005,18.75
5/23/2005,18.5
5/24/2005,19.1
5/25/2005,19.95
5/26/2005,19.75
5/27/2005,19.65
5/31/2005,19.9
6/1/2005,19.6
6/2/2005,19.5
6/3/2005,19.1
6/6/2005,19.3
6/7/2005,19.6
6/8/2005,19.8
6/9/2005,19.65
6/10/2005,19.65
6/13/2005,19.85
6/14/2005,19.9
6/15/2005,20.1
6/16/2005,20.6
6/17/2005,21.5
6/20/2005,22.95
6/21/2005,23
6/22/2005,23.2
6/23/2005,23.4
6/24/2005,24
6/27/2005,23.95
6/28/2005,24.5
6/29/2005,25.45
6/30/2005,25.8
7/1/2005,26.9
7/4/2005,29.45
7/5/2005,28.85
7/6/2005,29.3
7/7/2005,29.4
7/8/2005,29.7
7/11/2005,29.9
7/12/2005,29.45
7/13/2005,27.95
7/14/2005,24
7/15/2005,24.3
7/18/2005,24.7
7/19/2005,24.55
7/20/2005,20.9
7/21/2005,20.35
7/22/2005,20.1
7/25/2005,20.15
7/26/2005,20.8
7/27/2005,22.05
7/28/2005,22.05
7/29/2005,22.35
8/1/2005,21.45
8/2/2005,20.7
8/3/2005,20.7
8/4/2005,20.5
8/5/2005,21.25
8/8/2005,21.75
8/9/2005,22.45
8/10/2005,22.45
8/11/2005,22.55
8/12/2005,22.8
8/15/2005,22.4
8/16/2005,22.45
8/17/2005,22.8
8/18/2005,22.75
8/19/2005,22.9
8/22/2005,23.05
8/23/2005,23.1
8/24/2005,23.1
8/25/2005,23.35
8/26/2005,23.55
8/30/2005,23.65
8/31/2005,23.95
9/1/2005,24.4
9/2/2005,24.75
9/5/2005,24.75
9/6/2005,24.65
9/7/2005,24.7
9/8/2005,24.35
9/9/2005,23.75
9/12/2005,22.25
9/13/2005,21.75
9/14/2005,22.45
9/15/2005,22.7
9/16/2005,22.05
9/19/2005,22.6
9/20/2005,22.05
9/21/2005,22
9/22/2005,22.3
9/23/2005,22.05
9/26/2005,21.6
9/27/2005,22.05
9/28/2005,22.75
9/29/2005,22.9
9/30/2005,22.85
10/3/2005,22.75
10/4/2005,23.3
10/5/2005,23.8
10/6/2005,23.6
10/7/2005,23.05
10/10/2005,23.05
10/11/2005,23.15
10/12/2005,23.5
10/13/2005,23.45
10/14/2005,23.05
10/17/2005,23.1
10/18/2005,22.85
10/19/2005,22.4
10/20/2005,22.1
10/21/2005,21.8
10/24/2005,21.45
10/25/2005,21.4
10/26/2005,21.65
10/27/2005,21.85
10/28/2005,22.1
10/31/2005,21.9
11/1/2005,21.75
11/2/2005,21.35
11/3/2005,21.25
11/4/2005,21.35
11/7/2005,21.6
11/8/2005,22.05
11/9/2005,22.5
11/10/2005,22.7
11/11/2005,22.7
11/14/2005,23.15
11/15/2005,22.9
11/16/2005,22.75
11/17/2005,22.45
11/18/2005,21.65
11/21/2005,21.7
11/22/2005,22.2
11/23/2005,21.6
11/24/2005,19.9
11/25/2005,20.15
11/28/2005,20.5
11/29/2005,19.9
11/30/2005,20.15
12/1/2005,20.55
12/2/2005,21.8
12/5/2005,22.7
12/6/2005,23.4
12/7/2005,22.9
12/8/2005,22.05
12/9/2005,21.7
12/12/2005,22.35
12/13/2005,22.7
12/14/2005,22.45
12/15/2005,22.4
12/16/2005,22.1
12/19/2005,22.1
12/20/2005,21.95
12/21/2005,21.85
12/22/2005,21.65
12/23/2005,21.35
12/27/2005,21.65
12/28/2005,21.85
12/29/2005,22.05
12/30/2005,22.1
1/3/2006,22.75
1/4/2006,23.05
1/5/2006,23.45
1/6/2006,24
1/9/2006,23.7
1/10/2006,23.8
1/11/2006,23.8
1/12/2006,24
1/13/2006,24
1/16/2006,24.05
1/17/2006,25.25
1/18/2006,26.45
1/19/2006,26.65
1/20/2006,27.9
1/23/2006,26.9
1/24/2006,26.35
1/25/2006,26.7
1/26/2006,27.45
1/27/2006,26.9
1/30/2006,27.5
1/31/2006,27.55
2/1/2006,28.05
2/2/2006,28.55
2/3/2006,28.85
2/6/2006,28.7
2/7/2006,27.65
2/8/2006,27.15
2/9/2006,27.45
2/10/2006,27.3
2/13/2006,27.2
2/14/2006,27.35
2/15/2006,27.6
2/16/2006,27.95
2/17/2006,27.7
2/20/2006,28.1
2/21/2006,28.3
2/22/2006,28.2
2/23/2006,27.65
2/24/2006,27.65
2/27/2006,27.2
2/28/2006,27.4
3/1/2006,27.85
3/2/2006,28.15
3/3/2006,28.05
3/6/2006,28.05
3/7/2006,27.6
3/8/2006,27.75
3/9/2006,27.7
3/10/2006,27.9
3/13/2006,28.45
3/14/2006,28.25
3/15/2006,28.05
3/16/2006,27.7
3/17/2006,27.95
3/20/2006,28.15
3/21/2006,28.1
3/22/2006,28.15
3/23/2006,28.2
3/24/2006,27.95
3/27/2006,27.8
3/28/2006,27.95
3/29/2006,28.2
3/30/2006,28.35
3/31/2006,28.4
4/3/2006,28.35
4/4/2006,28.85
4/5/2006,29.8
4/6/2006,30.35
4/7/2006,29.85
4/10/2006,30
4/11/2006,30.45
4/12/2006,30.35
4/13/2006,30.15
4/17/2006,30.3
4/18/2006,31.5
4/19/2006,31.5
4/20/2006,30.95
4/21/2006,30.75
4/24/2006,30.95
4/25/2006,28.3
4/26/2006,20.75
4/27/2006,17.3
4/28/2006,14.25
5/1/2006,13.95
5/2/2006,11.95
5/3/2006,12.85
5/4/2006,14.85
5/5/2006,13.2
5/8/2006,12.65
5/9/2006,12.75
5/10/2006,13.65
5/11/2006,13.4
5/12/2006,9.8
5/15/2006,15.75
5/16/2006,17.35
5/17/2006,16.25
5/18/2006,16.25
5/19/2006,16.95
5/22/2006,18.95
5/23/2006,20.45
5/24/2006,19.75
5/25/2006,19.85
5/26/2006,19.55
5/30/2006,18.5
5/31/2006,17.4
6/1/2006,17
6/2/2006,17.05
6/5/2006,16.65
6/6/2006,16.3
6/7/2006,15.6
6/8/2006,14.6
6/9/2006,14.6
6/12/2006,15.6
6/13/2006,15.5
6/14/2006,15.5
6/15/2006,15.5
6/16/2006,15.65
6/19/2006,15.9
6/20/2006,16.6
6/21/2006,16.05
6/22/2006,16.15
6/23/2006,16.05
6/26/2006,15.6
6/27/2006,15.75
6/28/2006,16.2
6/29/2006,16.55
6/30/2006,16.55
7/3/2006,16.85
7/4/2006,16.85
7/5/2006,16.65
7/6/2006,17.05
7/7/2006,16.8
7/10/2006,16.95
7/11/2006,17.1
7/12/2006,17.05
7/13/2006,17.15
7/14/2006,17.5
7/17/2006,18.05
7/18/2006,17.7
7/19/2006,17.2
7/20/2006,17.55
7/21/2006,17.4
7/24/2006,17.3
7/25/2006,17
7/26/2006,17.15
7/27/2006,17.35
7/28/2006,16.9
7/31/2006,16.85
8/1/2006,17.05
8/2/2006,17.15
8/3/2006,16.6
8/4/2006,15.9
8/7/2006,16.45
8/8/2006,16.55
8/9/2006,16.5
8/10/2006,16.3
8/11/2006,16.5
8/14/2006,16.25
8/15/2006,16.25
8/16/2006,16.4
8/17/2006,16.45
8/18/2006,16.55
8/21/2006,17.35
8/22/2006,17.6
8/23/2006,17.4
8/24/2006,16.9
8/25/2006,17
8/28/2006,16.9
8/29/2006,16.6
8/30/2006,16.3
8/31/2006,16.5
9/1/2006,16.5
9/4/2006,16.9
9/5/2006,17.1
9/6/2006,17.15
9/7/2006,17.05
9/8/2006,16.95
9/11/2006,16.8
9/12/2006,16.9
9/13/2006,16.8
9/14/2006,16.8
9/15/2006,16.75
9/18/2006,16.75
9/19/2006,16.25
9/20/2006,14.7
9/21/2006,14
9/22/2006,13.85
9/25/2006,13.25
9/26/2006,12.35
9/27/2006,12.45
9/28/2006,12.9
9/29/2006,13.3
10/2/2006,12.5
10/3/2006,12.3
10/4/2006,12.3
10/5/2006,12.45
10/6/2006,12.4
10/9/2006,12.65
10/10/2006,12.75
10/11/2006,12.75
10/12/2006,12.65
10/13/2006,12.75
10/16/2006,12.8
10/17/2006,13
10/18/2006,13.15
10/19/2006,13.05
10/20/2006,13.05
10/23/2006,12.75
10/24/2006,12.8
10/25/2006,12.35
10/26/2006,12.4
10/27/2006,12.15
10/30/2006,11.05
10/31/2006,11.25
11/1/2006,11.25
11/2/2006,10.95
11/3/2006,10.8
11/6/2006,10.55
11/7/2006,9.65
11/8/2006,9.7
11/9/2006,9.7
11/10/2006,8.95
11/13/2006,8.7
11/14/2006,9.4
11/15/2006,9.25
11/16/2006,8.9
11/17/2006,8.75
11/20/2006,9
11/21/2006,9.1
11/22/2006,8.9
11/23/2006,9
11/24/2006,9.2
11/27/2006,9.2
11/28/2006,8.9
11/29/2006,8.4
11/30/2006,8.2
12/1/2006,7.65
12/4/2006,7.25
12/5/2006,6.85
12/6/2006,7.1
12/7/2006,7.55
12/8/2006,7.3
12/11/2006,7.1
12/12/2006,6.85
12/13/2006,6.6
12/14/2006,6.6
12/15/2006,6.6
12/18/2006,6.7
12/19/2006,6.65
12/20/2006,6.6
12/21/2006,6.8
12/22/2006,6.95
12/26/2006,6.95
12/27/2006,6.7
12/28/2006,6.7
12/29/2006,6.6
1/2/2007,5.6
1/3/2007,4.85
1/4/2007,4.85
1/5/2007,4.8
1/8/2007,3.95
1/9/2007,3.5
1/10/2007,3.85
1/11/2007,4
1/12/2007,4.05
1/15/2007,4.05
1/16/2007,4.25
1/17/2007,4.1
1/18/2007,4
1/19/2007,4
1/22/2007,3.9
1/23/2007,3.8
1/24/2007,3.45
1/25/2007,3.3
1/26/2007,3.05
1/29/2007,2.5
1/30/2007,2.45
1/31/2007,2.35
2/1/2007,2.25
2/2/2007,2
2/5/2007,1.8
2/6/2007,1.5
2/7/2007,1.35
2/8/2007,1.5
2/9/2007,1.65
2/12/2007,1.3
2/13/2007,1.25
2/14/2007,1.2
2/15/2007,1.15
2/16/2007,1.15
2/19/2007,0.8
2/20/2007,0.9
2/21/2007,0.95
2/22/2007,0.9
2/23/2007,0.95
2/26/2007,1
2/27/2007,1
2/28/2007,0.95
3/1/2007,1
3/2/2007,1.1
3/5/2007,1
3/6/2007,1.05
3/7/2007,1.15
3/8/2007,1.15
3/9/2007,1.35
3/12/2007,1.35
3/13/2007,1.25
3/14/2007,1.25
3/15/2007,1.25
3/16/2007,1.2
3/19/2007,1.05
3/20/2007,1.05
3/21/2007,1.05
3/22/2007,1
3/23/2007,1
3/26/2007,1
3/27/2007,1.04
3/28/2007,1.2
3/29/2007,1.36
3/30/2007,1.31
4/2/2007,1.03
4/3/2007,0.9
4/4/2007,0.85
4/5/2007,0.83
4/9/2007,0.83
4/10/2007,0.83
4/11/2007,0.8
4/12/2007,0.8
4/13/2007,0.76
4/16/2007,0.72
4/17/2007,0.68
4/18/2007,0.56
4/19/2007,0.51
4/20/2007,0.63
4/23/2007,0.68
4/24/2007,0.68
4/25/2007,0.64
4/26/2007,0.54
4/27/2007,0.53
4/30/2007,0.53
5/1/2007,0.58
5/2/2007,0.56
5/3/2007,0.54
5/4/2007,0.54
5/7/2007,0.53
5/8/2007,0.47
5/9/2007,0.4
5/10/2007,0.3
5/11/2007,0.32
5/14/2007,0.33
5/15/2007,0.29
5/16/2007,0.33
5/17/2007,0.3
5/18/2007,0.28
5/21/2007,0.3
5/22/2007,0.29
5/23/2007,0.29
5/24/2007,0.29
5/25/2007,0.29
5/28/2007,0.3
5/29/2007,0.27
5/30/2007,0.27
5/31/2007,0.29
6/1/2007,0.29
6/4/2007,0.29
6/5/2007,0.28
6/6/2007,0.29
6/7/2007,0.27
6/8/2007,0.27
6/11/2007,0.25
6/12/2007,0.24
6/13/2007,0.22
6/14/2007,0.19
6/15/2007,0.17
6/18/2007,0.14
6/19/2007,0.14
6/20/2007,0.13
6/21/2007,0.12
6/22/2007,0.12
6/25/2007,0.11
6/26/2007,0.13
6/27/2007,0.13
6/28/2007,0.14
6/29/2007,0.13
7/2/2007,0.14
7/3/2007,0.13
7/4/2007,0.13
7/5/2007,0.14
7/6/2007,0.15
7/9/2007,0.14
7/10/2007,0.14
7/11/2007,0.14
7/12/2007,0.13
7/13/2007,0.13
7/16/2007,0.13
7/17/2007,0.14
7/18/2007,0.13
7/19/2007,0.12
7/20/2007,0.13
7/23/2007,0.12
7/24/2007,0.12
7/25/2007,0.12
7/26/2007,0.12
7/27/2007,0.12
7/30/2007,0.11
7/31/2007,0.12
8/1/2007,0.11
8/2/2007,0.09
8/3/2007,0.09
8/6/2007,0.09
8/7/2007,0.09
8/8/2007,0.1
8/9/2007,0.1
8/10/2007,0.1
8/13/2007,0.1
8/14/2007,0.11
8/15/2007,0.11
8/16/2007,0.11
8/17/2007,0.11
8/20/2007,0.11
8/21/2007,0.11
8/22/2007,0.11
8/23/2007,0.11
8/24/2007,0.11
8/27/2007,0.11
8/28/2007,0.11
8/29/2007,0.1
8/30/2007,0.11
8/31/2007,0.1
9/3/2007,0.1
9/4/2007,0.1
9/5/2007,0.1
9/6/2007,0.1
9/7/2007,0.1
9/10/2007,0.09
9/11/2007,0.08
9/12/2007,0.09
9/13/2007,0.07
9/14/2007,0.07
9/17/2007,0.07
9/18/2007,0.06
9/19/2007,0.08
9/20/2007,0.08
9/21/2007,0.08
9/24/2007,0.08
9/25/2007,0.08
9/26/2007,0.08
9/27/2007,0.08
9/28/2007,0.08
10/1/2007,0.07
10/2/2007,0.08
10/3/2007,0.07
10/4/2007,0.07
10/5/2007,0.11
10/8/2007,0.07
10/9/2007,0.07
10/10/2007,0.07
10/11/2007,0.07
10/12/2007,0.07
10/15/2007,0.07
10/16/2007,0.07
10/17/2007,0.07
10/18/2007,0.07
10/19/2007,0.07
10/22/2007,0.07
10/23/2007,0.07
10/24/2007,0.07
10/25/2007,0.07
10/26/2007,0.07
10/29/2007,0.07
10/30/2007,0.07
10/31/2007,0.09
11/1/2007,0.08
11/2/2007,0.08
11/5/2007,0.07
11/6/2007,0.07
11/7/2007,0.1
11/8/2007,0.11
11/9/2007,0.1
11/12/2007,0.1
11/13/2007,0.1
11/14/2007,0.09
11/15/2007,0.09
11/16/2007,0.08
11/19/2007,0.08
11/20/2007,0.07
11/21/2007,0.07
11/22/2007,0.08
11/23/2007,0.08
11/26/2007,0.07
11/27/2007,0.07
11/28/2007,0.06
11/29/2007,0.04
11/30/2007,0.01
12/3/2007,0.03
12/4/2007,0.03
12/5/2007,0.03
12/6/2007,0.03
12/7/2007,0.03
12/10/2007,0.03
12/11/2007,0.03
12/12/2007,0.03
12/13/2007,0.03
12/14/2007,0.03
12/17/2007,0.01
12/19/2007,22.45
12/20/2007,22.3
12/21/2007,21.93
12/24/2007,22
12/27/2007,21.87
12/28/2007,22.21
12/31/2007,22.41
1/2/2008,22.92
1/3/2008,23.54
1/4/2008,23.55
1/7/2008,23.66
1/8/2008,23.7
1/9/2008,23.42
1/10/2008,23.11
1/11/2008,23.11
1/14/2008,23.41
1/15/2008,23.17
1/16/2008,22.75
1/17/2008,22.23
1/18/2008,22.28
1/21/2008,20.84
1/22/2008,20.31
1/23/2008,20.03
1/24/2008,19.76
1/25/2008,21.04
1/28/2008,20.65
1/29/2008,20.7
1/30/2008,20.08
1/31/2008,19.1
2/1/2008,19.22
2/4/2008,19.19
2/5/2008,18.84
2/6/2008,19.97
2/7/2008,20.44
2/8/2008,20.39
2/11/2008,20.16
2/12/2008,19.97
2/13/2008,19.93
2/14/2008,20.72
2/15/2008,20.87
2/18/2008,20.93
2/19/2008,21.64
2/20/2008,21.5
2/21/2008,21.7
2/22/2008,21.48
2/25/2008,21.59
2/26/2008,21.35
2/27/2008,21.26
2/28/2008,21.16
2/29/2008,21.31
3/3/2008,20.88
3/4/2008,20.67
3/5/2008,21.24
3/6/2008,21.35
3/7/2008,21.38
3/10/2008,21.66
3/11/2008,21.86
3/12/2008,21.95
3/13/2008,22.55
3/14/2008,22.21
3/17/2008,21.43
3/18/2008,21.66
3/19/2008,21.56
3/20/2008,21.97
3/25/2008,22.54
3/26/2008,22.51
3/27/2008,22.26
3/28/2008,21.76
3/31/2008,22.27
4/1/2008,22.52
4/2/2008,23.42
4/3/2008,23.47
4/4/2008,23.31
4/7/2008,23.82
4/8/2008,23.51
4/9/2008,23.69
4/10/2008,24.44
4/11/2008,24.38
4/14/2008,25
4/15/2008,25.14
4/16/2008,24.8
4/17/2008,24.69
4/18/2008,24.51
4/21/2008,25.23
4/22/2008,25.34
4/23/2008,25
4/24/2008,24.51
4/25/2008,24.74
4/28/2008,24.63
4/29/2008,24.19
4/30/2008,23.88
5/1/2008,23.56
5/2/2008,24.5
5/6/2008,25.31
5/7/2008,25.03
5/8/2008,24.91
5/9/2008,25.17
5/12/2008,25.39
5/13/2008,25.04
5/14/2008,24.46
5/15/2008,24.68
5/16/2008,24.89
5/19/2008,25.31
5/20/2008,25.36
5/21/2008,25.73
5/22/2008,26.06
5/23/2008,26.11
5/26/2008,26.38
5/27/2008,26.34
5/28/2008,26.19
5/29/2008,26.59
5/30/2008,26.1
6/2/2008,26.34
6/3/2008,27.13
6/4/2008,26.6
6/5/2008,26.44
6/6/2008,27.54
6/9/2008,27.49
6/10/2008,27.2
6/11/2008,27.32
6/12/2008,27.16
6/13/2008,27
6/16/2008,27.13
6/17/2008,27.24
6/18/2008,27.5
6/19/2008,27.64
6/20/2008,27.41
6/23/2008,27.77
6/24/2008,27.78
6/25/2008,27.59
6/26/2008,27.88
6/27/2008,28.34
6/30/2008,28.77
7/1/2008,29.33
7/2/2008,27.99
7/3/2008,27.45
7/4/2008,27.64
7/7/2008,27.51
7/8/2008,25.79
7/9/2008,26.02
7/10/2008,26.68
7/11/2008,27.45
7/14/2008,27.26
7/15/2008,26.32
7/16/2008,25.03
7/17/2008,25.76
7/18/2008,24.5
7/21/2008,24.49
7/22/2008,24.67
7/23/2008,24.74
7/24/2008,25.14
7/25/2008,24.94
7/28/2008,24.41
7/29/2008,23.63
7/30/2008,22.7
7/31/2008,22.06
8/1/2008,21.38
8/4/2008,21.21
8/5/2008,21.67
8/6/2008,22.26
8/7/2008,22.82
8/8/2008,22.61
8/11/2008,22.65
8/12/2008,23.31
8/13/2008,23.67
8/14/2008,23.43
8/15/2008,23.19
8/18/2008,23.59
8/19/2008,23.73
8/20/2008,24.42
8/21/2008,24.72
8/22/2008,24.58
8/25/2008,24.37
8/26/2008,24.72
8/27/2008,25.14
8/28/2008,25.17
8/29/2008,25.19
9/1/2008,24.96
9/2/2008,24.72
9/3/2008,24.45
9/4/2008,24.65
9/5/2008,24.4
9/8/2008,24.19
9/9/2008,22.86
9/10/2008,22.77
9/11/2008,23.07
9/12/2008,23.9
9/15/2008,23.03
9/16/2008,22.91
9/17/2008,23.25
9/18/2008,23.78
9/19/2008,24.68
9/22/2008,24.85
9/23/2008,25.06
9/24/2008,24.65
9/25/2008,24.67
9/26/2008,24.45
9/29/2008,23.19
9/30/2008,22.35
10/1/2008,22.83
10/2/2008,23.14
10/3/2008,23.07
10/6/2008,22.08
10/7/2008,22.25
10/8/2008,21.81
10/9/2008,22.5
10/10/2008,22.04
10/13/2008,22.84
10/14/2008,23.29
10/15/2008,22.82
10/16/2008,21.91
10/17/2008,21.68
10/20/2008,21.8
10/21/2008,21.25
10/22/2008,19.9
10/23/2008,20.19
10/24/2008,19.14
10/27/2008,17.87
10/28/2008,17.63
10/29/2008,18.45
10/30/2008,18.12
10/31/2008,17.94
11/3/2008,18.25
11/4/2008,18.94
11/5/2008,18.54
11/6/2008,18.2
11/7/2008,18.69
11/10/2008,18.51
11/11/2008,17.94
11/12/2008,17.95
11/13/2008,17.95
11/14/2008,17.43
11/17/2008,17.03
11/18/2008,16.55
11/19/2008,16.33
11/20/2008,14.92
11/21/2008,15.03
11/24/2008,15.86
11/25/2008,15.76
11/26/2008,15.63
11/27/2008,16.31
11/28/2008,15.52
12/1/2008,15.53
12/2/2008,15.36
12/3/2008,15.22
12/4/2008,14.82
12/5/2008,13.72
12/8/2008,14.45
12/9/2008,14.28
12/10/2008,14.37
12/11/2008,14.86
12/12/2008,14.88
12/15/2008,15.3
12/16/2008,15.47
12/17/2008,15.47
12/18/2008,15.26
12/19/2008,15.29
12/22/2008,15.67
12/23/2008,15.36
12/24/2008,15.28
12/26/2008,15.28
12/29/2008,15.36
12/30/2008,15.57
12/31/2008,15.45
1/2/2009,15.1
1/5/2009,14.93
1/6/2009,15.27
1/7/2009,15.02
1/8/2009,14.33
1/9/2009,14.01
1/12/2009,13.51
1/13/2009,13.45
1/14/2009,12.98
1/15/2009,12.93
1/16/2009,12.32
1/19/2009,11.34
1/20/2009,11.24
1/21/2009,11.22
1/22/2009,11.47
1/23/2009,11.4
1/26/2009,11.78
1/27/2009,11.63
1/28/2009,11.44
1/29/2009,11.61
1/30/2009,11.57
2/2/2009,11.01
2/3/2009,10.36
2/4/2009,10.18
2/5/2009,9.97
2/6/2009,9.87
2/9/2009,9.91
2/10/2009,9.17
2/11/2009,8.35
2/12/2009,8.06
2/13/2009,8.45
2/16/2009,8.27
2/17/2009,8.48
2/18/2009,9.52
2/19/2009,10.6
2/20/2009,9.76
2/23/2009,9.44
2/24/2009,9.19
2/25/2009,9.57
2/26/2009,10.43
2/27/2009,9.96
3/2/2009,9.95
3/3/2009,10.8
3/4/2009,11.47
3/5/2009,11.11
3/6/2009,10.65
3/9/2009,11.49
3/10/2009,11.78
3/11/2009,11.49
3/12/2009,11.6
3/13/2009,12.05
3/16/2009,12.28
3/17/2009,12.65
3/18/2009,11.97
3/19/2009,11.37
3/20/2009,10.96
3/23/2009,11.62
3/24/2009,10.96
3/25/2009,10.3
3/26/2009,10.62
3/27/2009,10.9
3/30/2009,10.89
3/31/2009,11.45
4/1/2009,11.9
4/2/2009,11.79
4/3/2009,12.18
4/6/2009,12.38
4/7/2009,12.12
4/8/2009,12.56
4/9/2009,13.06
4/13/2009,13.06
4/14/2009,13.9
4/15/2009,13.55
4/16/2009,13.67
4/17/2009,13.6
4/20/2009,12.87
4/21/2009,12.95
4/22/2009,13.32
4/23/2009,13.2
4/24/2009,13.5
4/27/2009,13.29
4/28/2009,13.17
4/29/2009,13.46
4/30/2009,13.92
5/1/2009,14.15
5/4/2009,14.51
5/5/2009,13.9
5/6/2009,14.27
5/7/2009,14.58
5/8/2009,15.23
5/11/2009,15.63
5/12/2009,14.87
5/13/2009,14.45
5/14/2009,14.16
5/15/2009,13.81
5/18/2009,14.09
5/19/2009,14.34
5/20/2009,14.96
5/21/2009,14.75
5/22/2009,14.89
5/25/2009,14.89
5/26/2009,14.74
5/27/2009,14.95
5/28/2009,14.92
5/29/2009,14.65
6/1/2009,14.93
6/2/2009,14.71
6/3/2009,14.1
6/4/2009,14.01
6/5/2009,13.89
6/8/2009,13.13
6/9/2009,12.99
6/10/2009,13.12
6/11/2009,13.22
6/12/2009,12.85
6/15/2009,12.19
6/16/2009,12.76
6/17/2009,12.73
6/18/2009,12.68
6/19/2009,13.15
6/22/2009,12.78
6/23/2009,12.85
6/24/2009,13.15
6/25/2009,13.32
6/26/2009,13.25
6/29/2009,13.41
6/30/2009,13.15
7/1/2009,13.13
7/2/2009,13.02
7/3/2009,12.96
7/6/2009,12.98
7/7/2009,13.1
7/8/2009,13.35
7/9/2009,13.73
7/10/2009,13.93
7/13/2009,14.61
7/14/2009,14.19
7/15/2009,14.45
7/16/2009,14.47
7/17/2009,14.02
7/20/2009,14.09
7/21/2009,14.44
7/22/2009,14.35
7/23/2009,14.39
7/24/2009,14.27
7/27/2009,14.08
7/28/2009,13.74
7/29/2009,13.56
7/30/2009,13.67
7/31/2009,13.66
8/3/2009,14.37
8/4/2009,14.54
8/5/2009,14.28
8/6/2009,14.3
8/7/2009,14.26
8/10/2009,14.13
8/11/2009,14.09
8/12/2009,14.29
8/13/2009,14.28
8/14/2009,14.32
8/17/2009,14.43
8/18/2009,14.71
8/19/2009,14.86
8/20/2009,15.07
8/21/2009,15.32
8/24/2009,15.14
8/25/2009,15.15
8/26/2009,15.14
8/27/2009,15.1
8/28/2009,15.13
8/31/2009,14.89
9/1/2009,14.77
9/2/2009,14.99
9/3/2009,15.32
9/4/2009,15.18
9/7/2009,15.29
9/8/2009,15.42
9/9/2009,15.12
9/10/2009,15.05
9/11/2009,14.53
9/14/2009,13.86
9/15/2009,14.23
9/16/2009,14.01
9/17/2009,13.56
9/18/2009,13.6
9/21/2009,13.9
9/22/2009,13.67
9/23/2009,13.29
9/24/2009,12.75
9/25/2009,13.06
9/28/2009,13.44
9/29/2009,13.1
9/30/2009,13.36
10/1/2009,13.22
10/2/2009,13.05
10/5/2009,13.12
10/6/2009,13.73
10/7/2009,13.61
10/8/2009,13.42
10/9/2009,13.78
10/12/2009,14.28
10/13/2009,14.32
10/14/2009,14.44
10/15/2009,14.22
10/16/2009,14.14
10/18/2009,14.15
10/19/2009,14.44
10/20/2009,14.58
10/21/2009,14.97
10/22/2009,14.46
10/23/2009,14.39
10/25/2009,14.39
10/26/2009,14.34
10/27/2009,14.26
10/28/2009,14.24
10/29/2009,14.75
10/30/2009,14.54
11/1/2009,14.56
11/2/2009,14.54
11/3/2009,14.39
11/4/2009,14.36
11/5/2009,14.37
11/6/2009,13.97
11/8/2009,13.97
11/9/2009,13.87
11/10/2009,13.72
11/11/2009,13.52
11/12/2009,13.31
11/13/2009,13.41
11/15/2009,13.41
11/16/2009,13.74
11/17/2009,13.35
11/18/2009,13.5
11/19/2009,13.39
11/20/2009,13.07
11/22/2009,13.1
11/23/2009,13.1
11/24/2009,12.63
11/25/2009,12.88
11/26/2009,12.93
11/27/2009,13.18
11/29/2009,13.16
11/30/2009,13.14
12/1/2009,13.49
12/2/2009,13.57
12/3/2009,13.85
12/4/2009,14.12
12/6/2009,14.12
12/7/2009,14.76
12/8/2009,14.09
12/9/2009,14.17
12/10/2009,14.17
12/11/2009,14.36
12/13/2009,14.39
12/14/2009,14.37
12/15/2009,14.47
12/16/2009,14.17
12/17/2009,13.41
12/18/2009,13.39
12/20/2009,13.6
12/21/2009,12.25
12/22/2009,12.49
12/23/2009,12.78
12/24/2009,12.55
12/25/2009,12.74
12/28/2009,12.55
12/29/2009,12.44
12/30/2009,12.45
12/31/2009,12.31
1/1/2010,12.52
1/4/2010,12.91
1/5/2010,12.52
1/6/2010,12.22
1/7/2010,12.57
1/8/2010,12.82
1/11/2010,13
1/12/2010,12.71
1/13/2010,12.94
1/14/2010,13.44
1/15/2010,13.23
1/18/2010,13.55
1/19/2010,13.63
1/20/2010,13.21
1/21/2010,13.07
1/22/2010,12.97
1/25/2010,13.28
1/26/2010,13.46
1/27/2010,13.25
1/28/2010,12.99
1/29/2010,12.71
1/31/2010,12.85
2/1/2010,12.57
2/2/2010,12.59
2/3/2010,12.59
2/4/2010,13.06
2/5/2010,13.11
2/8/2010,13.6
2/9/2010,13.41
2/10/2010,13.12
2/11/2010,13.06
2/12/2010,12.82
2/15/2010,13
2/16/2010,13.16
2/17/2010,12.79
2/18/2010,12.83
2/19/2010,12.36
2/22/2010,12.63
2/23/2010,12.58
2/24/2010,12.92
2/25/2010,12.76
2/26/2010,12.86
3/1/2010,13.19
3/2/2010,13.16
3/3/2010,13.4
3/4/2010,12.98
3/5/2010,13.16
3/8/2010,12.96
3/9/2010,12.99
3/10/2010,13.09
3/11/2010,12.85
3/12/2010,12.76
3/15/2010,12.92
3/16/2010,12.84
3/17/2010,12.88
3/18/2010,12.95
3/19/2010,12.96
3/22/2010,12.97
3/23/2010,12.79
3/24/2010,12.67
3/25/2010,12.55
3/26/2010,12.81
3/29/2010,12.67
3/30/2010,12.73
3/31/2010,12.71
4/1/2010,12.98
4/5/2010,12.98
4/6/2010,13.33
4/7/2010,13.42
4/8/2010,13.45
4/9/2010,13.59
4/12/2010,13.6
4/13/2010,13.59
4/14/2010,14.11
4/15/2010,14.04
4/16/2010,14.31
4/19/2010,14.47
4/20/2010,14.63
4/21/2010,14.57
4/22/2010,14.57
4/23/2010,14.85
4/26/2010,15.49
4/27/2010,15.15
4/28/2010,14.88
4/29/2010,15.25
4/30/2010,15.84
5/3/2010,16.42
5/4/2010,15.82
5/5/2010,15.88
5/6/2010,16.07
5/7/2010,15.42
5/10/2010,15.14
5/11/2010,15.57
5/12/2010,15.62
5/13/2010,15.73
5/14/2010,15.56
5/17/2010,15.01
5/18/2010,15.2
5/19/2010,14.63
5/20/2010,14.61
5/21/2010,14.76
5/24/2010,15.33
5/25/2010,15.11
5/26/2010,15.61
5/27/2010,15.4
5/28/2010,15.02
5/31/2010,15.02
6/1/2010,15.05
6/2/2010,15.18
6/3/2010,15.17
6/4/2010,15.25
6/7/2010,15.13
6/8/2010,15.6
6/9/2010,15.67
6/10/2010,15.37
6/11/2010,15.53
6/14/2010,15.76
6/15/2010,15.64
6/16/2010,15.42
6/17/2010,15.56
6/18/2010,15.62
6/21/2010,15.7
6/22/2010,15.2
6/23/2010,15.23
6/24/2010,15.11
6/25/2010,15.28
6/28/2010,15.29
6/29/2010,15.15
6/30/2010,15.19
7/1/2010,15.18
7/2/2010,15.29
7/4/2010,15.35
7/5/2010,15.29
7/6/2010,15.08
7/7/2010,14.74
7/8/2010,14.29
7/9/2010,14.55
7/11/2010,14.66
7/12/2010,13.99
7/13/2010,13.77
7/14/2010,13.94
7/15/2010,13.88
7/16/2010,14.19
7/18/2010,14.28
7/19/2010,14.48
7/20/2010,14.16
7/21/2010,13.87
7/22/2010,14.18
7/23/2010,13.94
7/25/2010,13.99
7/26/2010,13.46
7/27/2010,13.65
7/28/2010,13.7
7/29/2010,13.95
7/30/2010,14.08
8/1/2010,14.14
8/2/2010,14.43
8/3/2010,14.37
8/4/2010,14.27
8/5/2010,14.28
8/6/2010,14.17
8/8/2010,14.24
8/9/2010,14.51
8/10/2010,14.44
8/11/2010,14.34
8/12/2010,14.36
8/13/2010,14.42
8/15/2010,14.48
8/16/2010,14.34
8/17/2010,14.42
8/18/2010,14.33
8/19/2010,14.85
8/20/2010,15
8/22/2010,15.09
8/23/2010,14.76
8/24/2010,14.9
8/25/2010,15.32
8/26/2010,15.18
8/27/2010,15.22
8/29/2010,15.31
8/30/2010,15.39
8/31/2010,15.22
9/1/2010,15.34
9/2/2010,15.73
9/3/2010,15.69
9/5/2010,15.76
9/6/2010,15.67
9/7/2010,15.69
9/8/2010,15.56
9/9/2010,15.46
9/10/2010,15.23
9/12/2010,15.31
9/13/2010,15.25
9/14/2010,15.22
9/15/2010,15.37
9/16/2010,15.21
9/17/2010,15.26
9/20/2010,14.97
9/21/2010,14.87
9/22/2010,14.99
9/23/2010,14.83
9/24/2010,15.23
9/27/2010,15.32
9/28/2010,15.67
9/29/2010,15.65
9/30/2010,15.41
10/1/2010,15.36
10/4/2010,15.27
10/5/2010,15.57
10/6/2010,15.57
10/7/2010,15.47
10/8/2010,15.57
10/11/2010,15.84
10/12/2010,15.75
10/13/2010,15.63
10/14/2010,15.54
10/15/2010,15.45
10/18/2010,15.38
10/19/2010,15.03
10/20/2010,15.15
10/21/2010,14.86
10/22/2010,15.07
10/25/2010,15.16
10/26/2010,15
10/27/2010,15.1
10/28/2010,14.91
10/29/2010,14.63
11/1/2010,14.69
11/2/2010,14.71
11/3/2010,14.69
11/4/2010,14.38
11/5/2010,14.51
11/8/2010,14.24
11/9/2010,14.3
11/10/2010,14.49
11/11/2010,14.84
11/12/2010,14.9
11/15/2010,15.11
11/16/2010,14.63
11/17/2010,14.88
11/18/2010,14.94
11/19/2010,14.96
11/22/2010,15.08
11/23/2010,15.02
11/24/2010,15.15
11/25/2010,15.08
11/26/2010,15.08
11/29/2010,14.95
11/30/2010,14.76
12/1/2010,14.84
12/2/2010,14.67
12/3/2010,14.75
12/6/2010,14.87
12/7/2010,14.79
12/8/2010,14.67
12/9/2010,14.53
12/10/2010,14.59
12/12/2010,14.6
12/13/2010,14.53
12/14/2010,14.46
12/15/2010,14.34
12/16/2010,14.26
12/17/2010,13.98
12/20/2010,13.9
12/21/2010,13.96
12/22/2010,14.1
12/23/2010,13.86
12/24/2010,13.87
12/29/2010,14.06
12/30/2010,13.94
12/31/2010,14.02
1/3/2011,14.02
1/4/2011,14.21
1/5/2011,14.31
1/6/2011,14.47
1/7/2011,14.41
1/10/2011,14.01
1/11/2011,14.09
1/12/2011,14.03
1/13/2011,14.06
1/14/2011,14.27
1/17/2011,14.34
1/18/2011,14.39
1/19/2011,14.16
1/20/2011,14.15
1/21/2011,14.26
1/23/2011,14.49
1/24/2011,14.37
1/25/2011,14.68
1/26/2011,14.69
1/27/2011,14.51
1/28/2011,14.54
1/31/2011,14.76
2/1/2011,14.64
2/2/2011,14.76
2/3/2011,14.47
2/4/2011,14.49
2/7/2011,14.42
2/8/2011,14.49
2/9/2011,14.46
2/10/2011,14.47
2/11/2011,14.67
2/14/2011,14.67
2/15/2011,14.57
2/16/2011,14.46
2/17/2011,14.59
2/18/2011,14.63
2/21/2011,15.04
2/22/2011,15.02
2/23/2011,14.96
2/24/2011,15.05
2/25/2011,15.21
2/28/2011,15.3
3/1/2011,15.28
3/2/2011,15.2
3/3/2011,15.17
3/4/2011,15.5
3/7/2011,15.39
3/8/2011,15.31
3/9/2011,15.36
3/10/2011,15.3
3/11/2011,15.3
3/14/2011,16.02
3/15/2011,16.67
3/16/2011,16.71
3/17/2011,16.28
3/18/2011,16.76
3/21/2011,16.35
3/22/2011,16.42
3/23/2011,16.42
3/24/2011,16.06
3/25/2011,16.33
3/28/2011,16.79
3/29/2011,16.69
3/30/2011,16.66
3/31/2011,16.88
4/1/2011,16.75
4/4/2011,16.83
4/5/2011,16.62
4/6/2011,16.74
4/7/2011,16.58
4/8/2011,16.6
4/11/2011,16.36
4/12/2011,16.2
4/13/2011,16.25
4/14/2011,16.38
4/15/2011,16.69
4/18/2011,16.3
4/19/2011,16.41
4/20/2011,16.62
4/21/2011,16.5
4/22/2011,16.87
4/26/2011,16.52
4/27/2011,16.61
4/28/2011,16.77
4/29/2011,16.7
5/2/2011,17.03
5/3/2011,16.81
5/4/2011,16.7
5/5/2011,16.58
5/6/2011,16.66
5/9/2011,16.63
5/10/2011,16.56
5/11/2011,16.44
5/12/2011,16.52
5/13/2011,16.38
5/16/2011,16.55
5/17/2011,16.21
5/18/2011,16.19
5/19/2011,16.11
5/20/2011,15.99
5/23/2011,15.81
5/24/2011,16.05
5/25/2011,16.05
5/26/2011,16.05
5/27/2011,16.6
5/31/2011,16.69
6/1/2011,16.51
6/2/2011,16.46
6/3/2011,16.53
6/6/2011,16.39
6/7/2011,16.35
6/8/2011,16.21
6/9/2011,16.38
6/10/2011,16.37
6/13/2011,16.4
6/14/2011,16.21
6/15/2011,15.98
6/16/2011,15.82
6/17/2011,15.4
6/20/2011,15.02
6/21/2011,14.55
6/22/2011,14.54
6/23/2011,13.15
6/24/2011,12.07
6/27/2011,12.76
6/28/2011,13.32
6/29/2011,12.83
6/30/2011,13.36
7/1/2011,13.11
7/4/2011,13.24
7/5/2011,13.38
7/6/2011,13.01
7/7/2011,12.85
7/8/2011,12.54
7/11/2011,11.94
7/12/2011,12.25
7/13/2011,11.84
7/14/2011,12.15
7/15/2011,12.26
7/18/2011,12.08
7/19/2011,12.25
7/20/2011,12.64
7/21/2011,12.95
7/22/2011,12.84
7/25/2011,12.79
7/26/2011,12.75
7/27/2011,12.28
7/28/2011,12.37
7/29/2011,12.11
8/1/2011,11.88
8/2/2011,11.61
8/3/2011,11.3
8/4/2011,11.17
8/5/2011,10.58
8/8/2011,10.62
8/9/2011,11.3
8/10/2011,11.47
8/11/2011,12.13
8/12/2011,12.33
8/15/2011,12.34
8/16/2011,12.25
8/17/2011,12.67
8/18/2011,12.2
8/19/2011,12.36
8/22/2011,12.43
8/23/2011,12.78
8/24/2011,13.03
8/25/2011,12.88
8/26/2011,13.05
8/29/2011,13.18
8/30/2011,13.38
8/31/2011,12.84
9/1/2011,12.8
9/2/2011,12.51
9/5/2011,12.29
9/6/2011,12.09
9/7/2011,12.34
9/8/2011,12.16
9/9/2011,11.79
9/12/2011,11.81
9/13/2011,11.94
9/14/2011,12.13
9/15/2011,12.28
9/16/2011,12.06
9/19/2011,11.72
9/20/2011,11.82
9/21/2011,11.72
9/22/2011,11.25
9/23/2011,11.27
9/26/2011,10.81
9/27/2011,10.74
9/28/2011,10.42
9/29/2011,10.85
9/30/2011,10.66
10/3/2011,10.09
10/4/2011,10.02
10/5/2011,10.15
10/6/2011,10.4
10/7/2011,10.4
10/10/2011,10.66
10/11/2011,10.61
10/12/2011,10.64
10/13/2011,10.24
10/14/2011,10.36
10/17/2011,10.29
10/18/2011,10.25
10/19/2011,9.97
10/20/2011,10.14
10/21/2011,10.31
10/24/2011,10.49
10/25/2011,10.36
10/26/2011,10.07
10/27/2011,10.38
10/28/2011,10.37
10/31/2011,10.12
11/1/2011,9.85
11/2/2011,9.47
11/3/2011,9.66
11/4/2011,9.39
11/7/2011,9.93
11/8/2011,10.07
11/9/2011,9.87
11/10/2011,9.8
11/11/2011,10.11
11/14/2011,10.04
11/15/2011,10.01
11/16/2011,9.85
11/17/2011,9.63
11/18/2011,9.33
11/21/2011,8.88
11/22/2011,9.08
11/23/2011,8.42
11/24/2011,7.86
11/25/2011,7.69
11/28/2011,7.97
11/29/2011,7.98
11/30/2011,8.35
12/1/2011,7.93
12/2/2011,7.82
12/5/2011,7.31
12/6/2011,7.32
12/7/2011,7.21
12/8/2011,7.64
12/9/2011,7.84
12/11/2011,8.21
12/12/2011,7.54
12/13/2011,7.03
12/14/2011,6.45
12/15/2011,6.77
12/16/2011,6.75
12/19/2011,6.98
12/20/2011,8.54
12/21/2011,7.98
12/22/2011,7.71
12/23/2011,7.85
12/25/2011,8.07
12/26/2011,8.07
12/28/2011,7.42
12/29/2011,6.91
12/30/2011,6.97
1/2/2012,7.14
1/3/2012,6.28
1/4/2012,6.27
1/5/2012,6.43
1/6/2012,6.3
1/9/2012,6.51
1/10/2012,6.84
1/11/2012,6.75
1/12/2012,6.92
1/13/2012,6.73
1/16/2012,6.47
1/17/2012,6.48
1/18/2012,6.61
1/19/2012,7.07
1/20/2012,7.02
1/23/2012,6.86
1/24/2012,7.26
1/25/2012,7.33
1/26/2012,7.49
1/27/2012,7.97
1/30/2012,7.55
1/31/2012,7.84
2/1/2012,8.26
2/2/2012,8.53
2/3/2012,8.29
2/6/2012,8.49
2/7/2012,8.53
2/8/2012,8.12
2/9/2012,7.79
2/10/2012,7.71
2/13/2012,7.46
2/14/2012,7.89
2/15/2012,8.14
2/16/2012,8.77
2/17/2012,9.04
2/20/2012,8.54
2/21/2012,8.96
2/22/2012,8.93
2/23/2012,8.62
2/24/2012,9.19
2/27/2012,9.28
2/28/2012,8.8
2/29/2012,8.34
3/1/2012,8.65
3/2/2012,8.83
3/5/2012,8.62
3/6/2012,8.35
3/7/2012,8.4
3/8/2012,8.25
3/9/2012,7.9
3/12/2012,7.66
3/13/2012,7.62
3/14/2012,7.95
3/15/2012,7.83
3/16/2012,7.6
3/19/2012,7.62
3/20/2012,7.02
3/21/2012,7.26
3/22/2012,6.71
3/23/2012,6.87
3/26/2012,6.84
3/27/2012,7.12
3/28/2012,7.04
3/29/2012,6.71
3/30/2012,6.98
4/2/2012,6.21
4/3/2012,6.35
4/4/2012,6.08
4/5/2012,6.68
4/10/2012,6.78
4/11/2012,6.92
4/12/2012,7.06
4/13/2012,7.12
4/16/2012,6.79
4/17/2012,7.05
4/18/2012,7.2
4/19/2012,7.33
4/20/2012,7.32
4/23/2012,7.07
4/24/2012,7.07
4/25/2012,7.03
4/26/2012,7.22
4/27/2012,7.24
4/30/2012,7.48
5/1/2012,7.47
5/2/2012,7.12
5/3/2012,7.06
5/4/2012,6.6
5/7/2012,6.61
5/8/2012,6.74
5/9/2012,6.68
5/10/2012,6.65
5/11/2012,6.73
5/14/2012,6.56
5/15/2012,6.45
5/16/2012,6.5
5/17/2012,6.45
5/18/2012,6.33
5/21/2012,6.6
5/22/2012,6.88
5/23/2012,6.68
5/24/2012,6.78
5/25/2012,6.8
5/28/2012,6.68
5/29/2012,6.54
5/30/2012,6.4
5/31/2012,6.27
6/1/2012,6.38
6/4/2012,6.38
6/5/2012,6.38
6/6/2012,6.36
6/7/2012,6.45
6/8/2012,6.6
6/11/2012,6.62
6/12/2012,6.65
6/13/2012,6.71
6/14/2012,6.84
6/15/2012,7.23
6/18/2012,7.33
6/19/2012,7.5
6/20/2012,7.44
6/21/2012,7.5
6/22/2012,8.09
6/25/2012,7.98
6/26/2012,7.98
6/27/2012,7.89
6/28/2012,7.91
6/29/2012,8.2
7/1/2012,8.24
7/2/2012,8.07
7/3/2012,8.25
7/4/2012,8.21
7/5/2012,8.27
7/6/2012,7.99
7/9/2012,7.93
7/10/2012,7.87
7/11/2012,7.82
7/12/2012,7.59
7/13/2012,7.59
7/16/2012,7.51
7/17/2012,7.62
7/18/2012,7.09
7/19/2012,6.82
7/20/2012,7.08
7/23/2012,7.07
7/24/2012,7.14
7/25/2012,6.8
7/26/2012,6.92
7/27/2012,6.86
7/30/2012,6.54
7/31/2012,6.88
8/1/2012,6.92
8/2/2012,7.03
8/3/2012,7.06
8/6/2012,7.16
8/7/2012,7.27
8/8/2012,7.19
8/9/2012,7.1
8/10/2012,7.16
8/13/2012,7.45
8/14/2012,7.61
8/15/2012,7.44
8/16/2012,7.66
8/17/2012,7.66
8/20/2012,7.6
8/21/2012,7.88
8/22/2012,7.99
8/23/2012,8.12
8/24/2012,8.13
8/26/2012,8.18
8/27/2012,8.1
8/28/2012,7.93
8/29/2012,7.67
8/30/2012,7.64
8/31/2012,8.03
9/3/2012,8.22
9/4/2012,8.17
9/5/2012,8.2
9/6/2012,8.21
9/7/2012,8.33
9/10/2012,7.79
9/11/2012,7.7
9/12/2012,7.89
9/13/2012,7.75
9/14/2012,7.4
9/16/2012,7.44
9/17/2012,7.35
9/18/2012,7.4
9/19/2012,7.52
9/20/2012,7.63
9/21/2012,7.41
9/24/2012,7.22
9/25/2012,7.45
9/26/2012,7.6
9/27/2012,7.81
9/28/2012,7.93
10/1/2012,7.92
10/2/2012,7.84
10/3/2012,7.56
10/4/2012,7.6
10/5/2012,7.77
10/7/2012,7.81
10/8/2012,7.89
10/9/2012,7.86
10/10/2012,7.69
10/11/2012,7.77
10/12/2012,7.8
10/14/2012,7.85
10/15/2012,7.66
10/16/2012,7.96
10/17/2012,8.24
10/18/2012,8.04
10/19/2012,7.94
10/22/2012,7.87
10/23/2012,7.86
10/24/2012,7.65
10/25/2012,7.66
10/26/2012,7.86
10/29/2012,8.05
10/30/2012,8.13
10/31/2012,8.23
11/1/2012,8.04
11/2/2012,8.1
11/5/2012,8.25
11/6/2012,8.34
11/7/2012,8.22
11/8/2012,8.27
11/9/2012,8.32
11/12/2012,9.07
11/13/2012,8.4
11/14/2012,7.91
11/15/2012,7.12
11/16/2012,6.89
11/19/2012,6.71
11/20/2012,6.74
11/21/2012,6.77
11/22/2012,6.78
11/23/2012,7.01
11/26/2012,6.84
11/27/2012,6.85
11/28/2012,6.83
11/29/2012,6.58
11/30/2012,6.2
12/2/2012,6.2
12/3/2012,5.95
12/4/2012,5.72
12/5/2012,6.15
12/6/2012,6.39
12/7/2012,6.78
12/10/2012,7.07
12/11/2012,6.84
12/12/2012,6.75
12/13/2012,6.67
12/14/2012,6.57
12/17/2012,6.47
12/18/2012,6.7
12/19/2012,7.03
12/20/2012,7.17
12/21/2012,7
12/24/2012,6.92
12/26/2012,7.08
12/27/2012,6.84
12/28/2012,6.5
12/31/2012,6.45
1/2/2013,6.37
1/3/2013,6.2
1/4/2013,6.14
1/7/2013,6.46
1/8/2013,6.27
1/9/2013,6.02
1/10/2013,5.86
1/11/2013,5.72
1/14/2013,5.71
1/15/2013,5.88
1/16/2013,5.47
1/17/2013,5.44
1/18/2013,4.97
1/20/2013,5.09
1/21/2013,4.81
1/22/2013,5.3
1/23/2013,4.52
1/24/2013,4.21
1/25/2013,4
1/28/2013,4.07
1/29/2013,3.88
1/30/2013,3.69
1/31/2013,3.31
2/1/2013,4.21
2/4/2013,4.19
2/5/2013,4.29
2/6/2013,4.06
2/7/2013,4.09
2/8/2013,4.43
2/11/2013,4.36
2/12/2013,4.46
2/13/2013,5.1
2/14/2013,5.12
2/15/2013,5.06
2/18/2013,4.99
2/19/2013,4.56
2/20/2013,4.86
2/21/2013,5.17
2/22/2013,5.07
2/25/2013,4.47
2/26/2013,4.2
2/27/2013,4.37
2/28/2013,4.8
3/1/2013,4.57
3/4/2013,4.53
3/5/2013,4.14
3/6/2013,4.19
3/7/2013,4.24
3/8/2013,4.18
3/11/2013,3.88
3/12/2013,3.66
3/13/2013,3.45
3/14/2013,3.63
3/15/2013,3.71
3/18/2013,3.48
3/19/2013,3.45
3/20/2013,3.9
3/21/2013,4.35
3/22/2013,4.08
3/25/2013,4.42
3/26/2013,4.55
3/27/2013,4.88
3/28/2013,4.74
4/2/2013,4.87
4/3/2013,4.85
4/4/2013,4.97
4/5/2013,5.1
4/8/2013,5.12
4/9/2013,4.71
4/10/2013,4.23
4/11/2013,4.28
4/12/2013,4.7
4/15/2013,4.68
4/16/2013,3.03
4/17/2013,2.7
4/18/2013,3.02
4/19/2013,3.11
4/22/2013,2.84
4/23/2013,3.05
4/24/2013,2.98
4/25/2013,2.92
4/26/2013,3.05
4/29/2013,3.26
4/30/2013,3.07
5/1/2013,2.87
5/2/2013,3.04
5/3/2013,3.73
5/6/2013,3.86
5/7/2013,3.69
5/8/2013,3.44
5/9/2013,3.74
5/10/2013,3.33
5/13/2013,3.22
5/14/2013,3.47
5/15/2013,3.59
5/16/2013,3.65
5/17/2013,3.49
5/20/2013,3.56
5/21/2013,3.51
5/22/2013,3.28
5/23/2013,3.36
5/24/2013,3.51
5/27/2013,3.45
5/28/2013,3.6
5/29/2013,3.7
5/30/2013,3.77
5/31/2013,3.91
6/3/2013,3.87
6/4/2013,3.91
6/5/2013,3.86
6/6/2013,3.95
6/7/2013,4.07
6/10/2013,4
6/11/2013,4.16
6/12/2013,4.46
6/13/2013,4.38
6/14/2013,4.74
6/17/2013,4.55
6/18/2013,4.67
6/19/2013,4.35
6/20/2013,4.4
6/21/2013,4.35
6/24/2013,4.09
6/25/2013,4.25
6/26/2013,4.39
6/27/2013,4.4
6/28/2013,4.18
7/1/2013,4.21
7/2/2013,4.26
7/3/2013,4.66
7/4/2013,4.52
7/5/2013,4.26
7/8/2013,4.21
7/9/2013,4.14
7/10/2013,4.02
7/11/2013,4.07
7/12/2013,4.02
7/15/2013,4.03
7/16/2013,4.1
7/17/2013,4.1
7/18/2013,4.1
7/19/2013,4.16
7/22/2013,4.18
7/23/2013,4.23
7/24/2013,4.27
7/25/2013,4.27
7/26/2013,4.3
7/29/2013,4.3
7/30/2013,4.26
7/31/2013,4.31
8/1/2013,4.32
8/2/2013,4.37
8/5/2013,4.4
8/6/2013,4.49
8/7/2013,4.43
8/8/2013,4.5
8/9/2013,4.43
8/12/2013,4.3
8/13/2013,4.28
8/14/2013,4.34
8/15/2013,4.34
8/16/2013,4.34
8/19/2013,4.31
8/20/2013,4.34
8/21/2013,4.36
8/22/2013,4.51
8/23/2013,4.42
8/26/2013,4.41
8/27/2013,4.53
8/28/2013,4.59
8/29/2013,4.58
8/30/2013,4.55
9/2/2013,4.49
9/3/2013,4.4
9/4/2013,4.54
9/5/2013,4.95
9/6/2013,5.32
9/9/2013,5.3
9/10/2013,5.12
9/11/2013,5.25
9/12/2013,5.61
9/13/2013,5.39
9/16/2013,5.46
9/17/2013,5.66
9/18/2013,5.52
9/19/2013,5.35
9/20/2013,5.35
9/23/2013,5.41
9/24/2013,5.37
9/25/2013,5.37
9/26/2013,5.46
9/27/2013,5.39
9/30/2013,5.02
10/1/2013,5.14
10/2/2013,5.27
10/3/2013,5.19
10/4/2013,5.09
10/7/2013,4.95
10/8/2013,4.85
10/9/2013,4.78
10/10/2013,4.75
10/11/2013,4.6
10/14/2013,4.8
10/15/2013,4.94
10/16/2013,5.32
10/17/2013,5.16
10/18/2013,5.11
10/21/2013,4.57
10/22/2013,4.69
10/23/2013,4.6
10/24/2013,4.65
10/25/2013,4.99
10/28/2013,4.8
10/29/2013,5.08
10/30/2013,4.95
10/31/2013,4.8
11/1/2013,4.61
11/4/2013,4.55
11/5/2013,4.79
11/6/2013,4.77
11/7/2013,4.79
11/8/2013,4.48
11/11/2013,4.6
11/12/2013,4.64
11/13/2013,4.64
11/14/2013,4.58
11/15/2013,4.49
11/18/2013,4.34
11/19/2013,4.42
11/20/2013,4.49
11/21/2013,4.41
11/22/2013,4.43
11/24/2013,4.43
11/25/2013,4.4
11/26/2013,4.49
11/27/2013,4.47
11/28/2013,4.43
11/29/2013,4.36
12/2/2013,4.5
12/3/2013,4.48
12/4/2013,4.48
12/5/2013,4.64
12/6/2013,4.79
12/9/2013,4.9
12/10/2013,5.02
12/11/2013,4.88
12/12/2013,4.9
12/13/2013,4.8
12/16/2013,4.67
12/17/2013,4.89
12/18/2013,4.87
12/19/2013,4.93
12/20/2013,4.75
12/23/2013,4.78
12/24/2013,4.91
12/26/2013,4.99
12/27/2013,4.92
12/30/2013,4.91
12/31/2013,4.83
1/1/2014,4.93
1/2/2014,4.71
1/3/2014,4.69
1/6/2014,4.61
1/7/2014,4.66
1/8/2014,4.57
1/9/2014,4.5
1/10/2014,4.52
1/13/2014,4.62
1/14/2014,4.81
1/15/2014,4.8
1/16/2014,5.05
1/17/2014,5.05
1/20/2014,4.91
1/21/2014,5.02
1/22/2014,5.11
1/23/2014,5.01
1/24/2014,5.24
1/27/2014,5.35
1/28/2014,5.5
1/29/2014,5.48
1/30/2014,5.69
1/31/2014,5.5
2/3/2014,5.82
2/4/2014,5.8
2/5/2014,6.06
2/6/2014,6.43
2/7/2014,6.41
2/10/2014,6.4
2/11/2014,6.24
2/12/2014,6.34
2/13/2014,6.37
2/14/2014,6.57
2/17/2014,6.79
2/18/2014,6.73
2/19/2014,6.9
2/20/2014,6.97
2/21/2014,7.12
2/24/2014,6.99
2/25/2014,6.21
2/26/2014,6.48
2/27/2014,6.5
2/28/2014,7.06
3/3/2014,6.61
3/4/2014,6.81
3/5/2014,6.77
3/6/2014,6.8
3/7/2014,6.9
3/10/2014,6.89
3/11/2014,6.82
3/12/2014,6.5
3/13/2014,6.43
3/14/2014,6.29
3/17/2014,5.87
3/18/2014,5.75
3/19/2014,5.99
3/20/2014,6.01
3/21/2014,6.18
3/24/2014,5.86
3/25/2014,5.85
3/26/2014,5.8
3/27/2014,5.17
3/28/2014,4.34
3/31/2014,4.64
4/1/2014,5.04
4/2/2014,4.82
4/3/2014,4.85
4/4/2014,4.68
4/7/2014,4.97
4/8/2014,4.85
4/9/2014,4.93
4/10/2014,5.11
4/11/2014,5.31
4/14/2014,5.23
4/15/2014,5.53
4/16/2014,5.45
4/17/2014,5.54
4/22/2014,5.67
4/23/2014,5.66
4/24/2014,5.71
4/25/2014,5.06
4/28/2014,5.2
4/29/2014,5.41
4/30/2014,5.4
5/1/2014,5.41
5/2/2014,5.18
5/5/2014,5.21
5/6/2014,5.22
5/7/2014,5.12
5/8/2014,5.13
5/9/2014,5.24
5/11/2014,5.3
5/12/2014,5.3
5/13/2014,5.28
5/14/2014,5.1
5/15/2014,4.77
5/16/2014,4.79
5/19/2014,4.69
5/20/2014,4.84
5/21/2014,5.12
5/22/2014,5.16
5/23/2014,5.12
5/26/2014,5.09
5/27/2014,5.17
5/28/2014,5.2
5/29/2014,5.2
5/30/2014,5.05
6/2/2014,5.14
6/3/2014,5.43
6/4/2014,5.39
6/5/2014,5.54
6/6/2014,5.44
6/9/2014,5.53
6/10/2014,5.49
6/11/2014,5.36
6/12/2014,5.55
6/13/2014,5.66
6/16/2014,5.63
6/17/2014,5.7
6/18/2014,5.65
6/19/2014,5.54
6/20/2014,5.65
6/23/2014,5.79
6/24/2014,5.74
6/25/2014,5.71
6/26/2014,5.7
6/27/2014,5.76
6/30/2014,5.81
7/1/2014,6.01
7/2/2014,6.07
7/3/2014,5.99
7/4/2014,5.65
7/6/2014,5.67
7/7/2014,5.54
7/8/2014,5.73
7/9/2014,5.79
7/10/2014,5.66
7/11/2014,5.72
7/14/2014,5.86
7/15/2014,5.92
7/16/2014,6.02
7/17/2014,6.13
7/18/2014,5.98
7/21/2014,6.04
7/22/2014,6.15
7/23/2014,6.15
7/24/2014,6.03
7/25/2014,6.11
7/28/2014,6.17
7/29/2014,6.02
7/30/2014,6.11
7/31/2014,6.19
8/1/2014,6.26
8/3/2014,6.29
8/4/2014,6.22
8/5/2014,6.18
8/6/2014,6.19
8/7/2014,5.93
8/8/2014,5.96
8/11/2014,6.11
8/12/2014,6.09
8/13/2014,6.21
8/14/2014,6.21
8/15/2014,6.36
8/18/2014,6.32
8/19/2014,6.43
8/20/2014,6.41
8/21/2014,6.34
8/22/2014,6.35
8/25/2014,6.32
8/26/2014,6.29
8/27/2014,6.35
8/28/2014,6.43
8/29/2014,6.38
9/1/2014,6.39
9/2/2014,6.38
9/3/2014,6.32
9/4/2014,6.11
9/5/2014,6.26
9/8/2014,6.27
9/9/2014,6.12
9/10/2014,6.08
9/11/2014,6.1
9/12/2014,6.04
9/15/2014,5.91
9/16/2014,5.79
9/17/2014,5.88
9/18/2014,5.97
9/19/2014,6.01
9/22/2014,5.98
9/23/2014,5.65
9/24/2014,5.8
9/25/2014,5.8
9/26/2014,5.91
9/29/2014,5.75
9/30/2014,5.82
10/1/2014,5.79
10/2/2014,5.67
10/3/2014,5.66
10/6/2014,5.66
10/7/2014,5.72
10/8/2014,6.03
10/9/2014,6.1
10/10/2014,6.02
10/13/2014,6.04
10/14/2014,6.07
10/15/2014,6.14
10/16/2014,6.2
10/17/2014,6.12
10/20/2014,6.13
10/21/2014,6.17
10/22/2014,6.21
10/23/2014,6.32
10/24/2014,6.39
10/27/2014,6.27
10/28/2014,6.15
10/29/2014,6.41
10/30/2014,6.41
10/31/2014,6.34
11/3/2014,6.57
11/4/2014,6.47
11/5/2014,6.63
11/6/2014,6.62
11/7/2014,6.75
11/10/2014,6.71
11/11/2014,6.79
11/12/2014,6.84
11/13/2014,6.78
11/14/2014,6.61
11/17/2014,6.89
11/18/2014,7.01
11/19/2014,7.03
11/20/2014,6.95
11/21/2014,6.99
11/24/2014,7.04
11/25/2014,7.12
11/26/2014,7.19
11/27/2014,7.09
11/28/2014,7.04
11/30/2014,7.05
12/1/2014,7.07
12/2/2014,6.85
12/3/2014,6.89
12/4/2014,6.84
12/5/2014,6.66
12/7/2014,6.67
12/8/2014,6.66
12/9/2014,6.74
12/10/2014,6.56
12/11/2014,6.74
12/12/2014,6.66
12/14/2014,6.76
12/15/2014,6.89
12/16/2014,6.91
12/17/2014,6.99
12/18/2014,7.04
12/19/2014,7.08
12/21/2014,7.17
12/22/2014,7.11
12/23/2014,7.25
12/24/2014,7.37
12/28/2014,7.47
12/29/2014,7.25
12/30/2014,7.21
12/31/2014,7.25
1/2/2015,7.01
1/5/2015,6.9
1/6/2015,6.77
1/7/2015,6.78
1/8/2015,6.81
1/9/2015,6.71
1/12/2015,6.71
1/13/2015,7.29
1/14/2015,7.16
1/15/2015,7.12
1/16/2015,7.13
1/19/2015,7.21
1/20/2015,7.16
1/21/2015,7.32
1/22/2015,6.76
1/23/2015,6.8
1/26/2015,6.85
1/27/2015,6.84
1/28/2015,6.95
1/29/2015,7.06
1/30/2015,7.08
2/2/2015,7.13
2/3/2015,7.06
2/4/2015,6.93
2/5/2015,7
2/6/2015,6.95
2/9/2015,6.91
2/10/2015,7.1
2/11/2015,7.23
2/12/2015,7.39
2/13/2015,7.63
2/16/2015,7.65
2/17/2015,7.47
2/18/2015,7.49
2/19/2015,7.34
2/20/2015,7.32
2/23/2015,7.7
2/24/2015,7.47
2/25/2015,7.39
2/26/2015,7.06
2/27/2015,7.1
3/2/2015,6.95
3/3/2015,6.73
3/4/2015,7.02
3/5/2015,6.75
3/6/2015,6.8
3/9/2015,6.68
3/10/2015,6.82
3/11/2015,6.76
3/12/2015,6.41
3/13/2015,6.46
3/16/2015,6.49
3/17/2015,6.73
3/18/2015,6.74
3/19/2015,6.67
3/20/2015,7.04
3/23/2015,7.04
3/24/2015,7.03
3/25/2015,6.97
3/26/2015,6.95
3/27/2015,6.76
3/30/2015,6.88
3/31/2015,6.92
4/1/2015,7.14
4/2/2015,7.15
4/6/2015,7.15
4/7/2015,7.11
4/8/2015,7.12
4/9/2015,7.01
4/10/2015,6.94
4/13/2015,6.8
4/14/2015,6.8
4/15/2015,6.85
4/16/2015,6.87
4/17/2015,6.84
4/20/2015,7.13
4/21/2015,7.08
4/22/2015,7.09
4/23/2015,7.25
4/24/2015,7.28
4/27/2015,7.15
4/28/2015,7.35
4/29/2015,7.46
4/30/2015,7.39
5/1/2015,7.48
5/4/2015,7.58
5/5/2015,7.55
5/6/2015,7.53
5/7/2015,7.43
5/8/2015,7.53
5/11/2015,7.62
5/12/2015,7.59
5/13/2015,7.64
5/14/2015,7.55
5/15/2015,7.59
5/18/2015,7.6
5/19/2015,7.37
5/20/2015,7.35
5/21/2015,7.3
5/22/2015,7.3
5/25/2015,7.36
5/26/2015,7.22
5/27/2015,7.17
5/28/2015,7.18
5/29/2015,7.32
6/1/2015,7.24
6/2/2015,7.44
6/3/2015,7.48
6/4/2015,7.39
6/5/2015,7.4
6/8/2015,7.44
6/9/2015,7.56
6/10/2015,7.58
6/11/2015,7.5
6/12/2015,7.61
6/15/2015,7.51
6/16/2015,7.41
6/17/2015,7.46
6/18/2015,7.45
6/19/2015,7.41
6/22/2015,7.46
6/23/2015,7.48
6/24/2015,7.48
6/25/2015,7.58
6/26/2015,7.52
6/29/2015,7.33
6/30/2015,7.42
7/1/2015,7.47
7/2/2015,7.43
7/3/2015,7.42
7/6/2015,7.36
7/7/2015,7.44
7/8/2015,7.43
7/9/2015,7.46
7/10/2015,7.59
7/13/2015,7.77
7/14/2015,7.71
7/15/2015,7.74
7/16/2015,7.64
7/17/2015,7.72
7/20/2015,7.96
7/21/2015,7.94
7/22/2015,7.94
7/23/2015,8.05
7/24/2015,7.98
7/27/2015,8
7/28/2015,8
7/29/2015,8.04
7/30/2015,7.86
7/31/2015,7.85
8/3/2015,7.93
8/4/2015,7.88
8/5/2015,7.81
8/6/2015,7.82
8/7/2015,7.76
8/10/2015,7.9
8/11/2015,8.07
8/12/2015,8.17
8/13/2015,8.17
8/14/2015,8.3
8/17/2015,8.22
8/18/2015,8.25
8/19/2015,8.32
8/20/2015,8.34
8/21/2015,8.18
8/24/2015,8.15
8/25/2015,8.23
8/26/2015,8.08
8/27/2015,8.03
8/28/2015,8.09
8/31/2015,8.05
9/1/2015,7.99
9/2/2015,8.1
9/3/2015,8.15
9/4/2015,8.07
9/7/2015,8.06
9/8/2015,8.22
9/9/2015,8.25
9/10/2015,8.26
9/11/2015,8.24
9/14/2015,8.21
9/15/2015,8.15
9/16/2015,8.21
9/17/2015,8.21
9/18/2015,8.09
9/21/2015,7.96
9/22/2015,8
9/23/2015,8.05
9/24/2015,7.99
9/25/2015,7.98
9/28/2015,7.9
9/29/2015,7.96
9/30/2015,8.13
10/1/2015,8.15
10/2/2015,8.13
10/5/2015,8.19
10/6/2015,8.2
10/7/2015,8.09
10/8/2015,8.11
10/9/2015,8.33
10/12/2015,8.28
10/13/2015,8.32
10/14/2015,8.42
10/15/2015,8.41
10/16/2015,8.38
10/19/2015,8.34
10/20/2015,8.46
10/21/2015,8.44
10/22/2015,8.47
10/23/2015,8.62
10/26/2015,8.65
10/27/2015,8.6
10/28/2015,8.56
10/29/2015,8.67
10/30/2015,8.63
11/2/2015,8.59
11/3/2015,8.44
11/4/2015,8.39
11/5/2015,8.46
11/6/2015,8.4
11/9/2015,8.31
11/10/2015,8.44
11/11/2015,8.44
11/12/2015,8.37
11/13/2015,8.39
11/16/2015,8.53
11/17/2015,8.61
11/18/2015,8.58
11/19/2015,8.63
11/20/2015,8.51
11/23/2015,8.56
11/24/2015,8.65
11/25/2015,8.62
11/26/2015,8.58
11/27/2015,8.58
11/30/2015,8.58
12/1/2015,8.56
12/2/2015,8.48
12/3/2015,8.59
12/4/2015,8.52
12/7/2015,8.41
12/8/2015,8.41
12/9/2015,8.4
12/10/2015,8.36
12/11/2015,8.07
12/14/2015,8.07
12/15/2015,8.19
12/16/2015,8.13
12/17/2015,8.07
12/18/2015,8.06
12/21/2015,8.19
12/22/2015,8.25
12/23/2015,8.22
12/24/2015,8.19
12/28/2015,8.31
12/29/2015,8.27
12/30/2015,8.21
12/31/2015,8.22
1/4/2016,8.04
1/5/2016,7.99
1/6/2016,7.74
1/7/2016,7.54
1/8/2016,7.41
1/11/2016,7.12
1/12/2016,7.1
1/13/2016,7.24
1/14/2016,7.08
1/15/2016,6.67
1/18/2016,6.71
1/19/2016,6.81
1/20/2016,6.31
1/21/2016,6.17
1/22/2016,6.32
1/25/2016,5.87
1/26/2016,6.07
1/27/2016,5.9
1/28/2016,6.06
1/29/2016,6.04
2/1/2016,5.68
2/2/2016,5.81
2/3/2016,5.61
2/4/2016,5.6
2/5/2016,5.54
2/8/2016,5.23
2/9/2016,4.95
2/10/2016,4.87
2/11/2016,4.73
2/12/2016,5.05
2/15/2016,4.79
2/16/2016,4.67
2/17/2016,5.07
2/18/2016,5.24
2/19/2016,5.15
2/22/2016,5.4
2/23/2016,4.89
2/24/2016,4.85
2/25/2016,5.06
2/26/2016,4.98
2/29/2016,4.99
3/1/2016,4.99
3/2/2016,4.95
3/3/2016,4.88
3/4/2016,4.92
3/7/2016,5.09
3/8/2016,5.01
3/9/2016,5.07
3/10/2016,4.9
3/11/2016,4.98
3/14/2016,4.85
3/15/2016,4.85
3/16/2016,4.95
3/17/2016,4.99
3/18/2016,4.93
3/21/2016,4.86
3/22/2016,4.81
3/23/2016,4.79
3/24/2016,4.84
3/29/2016,4.77
3/30/2016,4.95
3/31/2016,5.2
4/1/2016,5.16
4/4/2016,5.32
4/5/2016,5.23
4/6/2016,5.3
4/7/2016,5.27
4/8/2016,5.41
4/11/2016,5.57
4/12/2016,5.58
4/13/2016,5.53
4/14/2016,5.6
4/15/2016,5.47
4/18/2016,5.46
4/19/2016,5.56
4/20/2016,5.54
4/21/2016,5.74
4/22/2016,5.96
4/25/2016,5.89
4/26/2016,6.61
4/27/2016,6.83
4/28/2016,6.33
4/29/2016,6.17
5/2/2016,6.1
5/3/2016,5.98
5/4/2016,6.12
5/5/2016,6.19
5/6/2016,5.85
5/9/2016,5.69
5/10/2016,5.89
5/11/2016,6.01
5/12/2016,5.8
5/13/2016,5.84
5/16/2016,6.1
5/17/2016,6.04
5/18/2016,6.05
5/19/2016,5.98
5/20/2016,5.95
5/23/2016,5.72
5/24/2016,5.78
5/25/2016,5.85
5/26/2016,6.01
5/27/2016,6.02
5/30/2016,6.1
5/31/2016,6.08
6/1/2016,5.95
6/2/2016,6.01
6/3/2016,5.93
6/6/2016,6.19
6/7/2016,6.1
6/8/2016,6.09
6/9/2016,6.1
6/10/2016,5.94
6/13/2016,5.84
6/14/2016,5.84
6/15/2016,5.89
6/16/2016,5.7
6/17/2016,5.66
6/20/2016,5.84
6/21/2016,5.54
6/22/2016,5.67
6/23/2016,5.63
6/24/2016,4.95
6/27/2016,4.76
6/28/2016,4.68
6/29/2016,4.51
6/30/2016,4.46
7/1/2016,4.61
7/4/2016,4.96
7/5/2016,4.7
7/6/2016,4.58
7/7/2016,4.57
7/8/2016,4.53
7/11/2016,4.42
7/12/2016,4.62
7/13/2016,4.78
7/14/2016,4.77
7/15/2016,4.92
7/18/2016,4.84
7/19/2016,4.66
7/20/2016,4.68
7/21/2016,4.64
7/22/2016,4.55
7/25/2016,4.58
7/26/2016,4.5
7/27/2016,4.52
7/28/2016,4.47
7/29/2016,4.41
8/1/2016,4.37
8/2/2016,4.4
8/3/2016,4.62
8/4/2016,4.68
8/5/2016,4.72
8/8/2016,4.94
8/9/2016,4.87
8/10/2016,4.76
8/11/2016,4.87
8/12/2016,4.89
8/15/2016,4.8
8/16/2016,4.69
8/17/2016,4.48
8/18/2016,4.68
8/19/2016,4.76
8/22/2016,4.89
8/23/2016,4.7
8/24/2016,4.6
8/25/2016,4.7
8/26/2016,4.69
8/29/2016,4.69
8/30/2016,4.54
8/31/2016,4.46
9/1/2016,4.37
9/2/2016,4.08
9/5/2016,3.93
9/6/2016,4.13
9/7/2016,4.01
9/8/2016,4.08
9/9/2016,4.08
9/12/2016,4.03
9/13/2016,4.02
9/14/2016,3.98
9/15/2016,4.14
9/16/2016,4.36
9/19/2016,4.4
9/20/2016,4.16
9/21/2016,4.21
9/22/2016,4.42
9/23/2016,4.54
9/26/2016,4.62
9/27/2016,4.43
9/28/2016,4.95
9/29/2016,5.02
9/30/2016,4.96
10/3/2016,5.31
10/4/2016,5.21
10/5/2016,5.48
10/6/2016,5.86
10/7/2016,5.69
10/10/2016,5.66
10/11/2016,5.43
10/12/2016,5.52
10/13/2016,5.65
10/14/2016,5.81
10/17/2016,5.87
10/18/2016,5.95
10/19/2016,5.67
10/20/2016,5.58
10/21/2016,5.89
10/24/2016,5.81
10/25/2016,5.81
10/26/2016,5.94
10/27/2016,5.81
10/28/2016,5.88
10/31/2016,5.9
11/1/2016,6.03
11/2/2016,6.24
11/3/2016,6.5
11/4/2016,6.41
11/7/2016,6.23
11/8/2016,6.15
11/9/2016,6.13
11/10/2016,5.92
11/11/2016,5.67
11/14/2016,5.41
11/15/2016,5.74
11/16/2016,5.55
11/17/2016,5.9
11/18/2016,5.58
11/21/2016,5.48
11/22/2016,5.51
11/23/2016,5.39
11/24/2016,5.34
11/25/2016,5
11/28/2016,4.74
11/29/2016,4.56
11/30/2016,4.58
12/1/2016,4.46
12/2/2016,4.3
12/5/2016,4.37
12/6/2016,4.5
12/7/2016,4.3
12/8/2016,4.61
12/9/2016,4.46
12/12/2016,4.87
12/13/2016,4.79
12/14/2016,5.01
12/15/2016,4.84
12/16/2016,4.93
12/19/2016,5.09
12/20/2016,5.23
12/21/2016,5.8
12/22/2016,6.07
12/23/2016,6.22
12/27/2016,6.32
12/28/2016,6.32
12/29/2016,6.34
12/30/2016,6.54
1/2/2017,6.11
1/3/2017,5.41
1/4/2017,5.7
1/5/2017,5.27
1/6/2017,5.03
1/9/2017,5.25
1/10/2017,5.49
1/11/2017,5.51
1/12/2017,5.03
1/13/2017,5.03
1/16/2017,4.69
1/17/2017,4.99
1/18/2017,4.83
1/19/2017,5.19
1/20/2017,5.42
1/23/2017,5.31
1/24/2017,5.07
1/25/2017,4.97
1/26/2017,5.19
1/27/2017,4.91
1/30/2017,5.34
1/31/2017,5.69
2/1/2017,5.61
2/2/2017,5.56
2/3/2017,5.49
2/6/2017,5.43
2/7/2017,5.5
2/8/2017,5.55
2/9/2017,5.62
2/10/2017,5.45
2/13/2017,5.24
2/14/2017,5.48
2/15/2017,5.42
2/16/2017,5.28
2/17/2017,5.31
2/20/2017,5.43
2/21/2017,5.39
2/22/2017,5.41
2/23/2017,5.7
2/24/2017,5.73
2/27/2017,5.53
2/28/2017,5.57
3/1/2017,6.26
3/2/2017,5.81
3/3/2017,5.94
3/6/2017,5.83
3/7/2017,5.72
3/8/2017,5.58
3/9/2017,5.46
3/10/2017,5.51
3/13/2017,5.5
3/14/2017,5.45
3/15/2017,5.54
3/16/2017,5.49
3/17/2017,5.48
3/20/2017,5.33
3/21/2017,5.28
3/22/2017,5.31
3/23/2017,5.32
3/24/2017,5.11
3/27/2017,4.97
3/28/2017,5.08
3/29/2017,5.11
3/30/2017,5.27
3/31/2017,5.04
4/3/2017,5.21
4/4/2017,4.98
4/5/2017,5.18
4/6/2017,5.43
4/7/2017,5.25
4/10/2017,5.15
4/11/2017,5.24
4/12/2017,5.31
4/13/2017,5.32
4/18/2017,5.24
4/19/2017,5.22
4/20/2017,5.12
4/21/2017,4.94
4/24/2017,5.02
4/25/2017,4.87
4/26/2017,4.98
4/27/2017,4.93
4/28/2017,4.94
5/1/2017,4.57
5/2/2017,4.81
5/3/2017,4.77
5/4/2017,4.87
5/5/2017,4.94
5/8/2017,4.79
5/9/2017,4.89
5/10/2017,4.82
5/11/2017,4.72
5/12/2017,4.83
5/15/2017,4.76
5/16/2017,4.91
5/17/2017,4.95
5/18/2017,5.13
5/19/2017,5.22
5/22/2017,5.29
5/23/2017,5.13
5/24/2017,5.3
5/25/2017,5.37
5/26/2017,5.58
5/29/2017,5.57
5/30/2017,5.53
5/31/2017,5.35
6/1/2017,5.45
6/2/2017,5.54
6/5/2017,5.55
6/6/2017,5.35
6/7/2017,5.26
6/8/2017,5.43
6/9/2017,5.42
6/12/2017,5.3
6/13/2017,5.4
6/14/2017,5.32
6/15/2017,5.33
6/16/2017,5.26
6/19/2017,5.31
6/20/2017,5.35
6/21/2017,5.26
6/22/2017,5.25
6/23/2017,5.25
6/26/2017,5.16
6/27/2017,5.33
6/28/2017,5.33
6/29/2017,5.46
6/30/2017,5.42
7/3/2017,5.53
7/4/2017,5.51
7/5/2017,5.43
7/6/2017,5.63
7/7/2017,5.74
7/10/2017,5.8
7/11/2017,5.73
7/12/2017,5.88
7/13/2017,5.76
7/14/2017,5.82
7/17/2017,5.82
7/18/2017,5.85
7/19/2017,5.84
7/20/2017,5.75
7/21/2017,5.6
7/24/2017,5.64
7/25/2017,5.67
7/26/2017,5.76
7/27/2017,5.65
7/28/2017,5.69
7/31/2017,5.73
8/1/2017,5.8
8/2/2017,5.93
8/3/2017,5.94
8/4/2017,5.86
8/7/2017,5.77
8/8/2017,5.77
8/9/2017,5.92
8/10/2017,5.96
8/11/2017,5.99
8/14/2017,6.12
8/15/2017,6.13
8/16/2017,6.39
8/17/2017,6.41
8/18/2017,6.41
8/21/2017,6.34
8/22/2017,6.37
8/23/2017,6.54
8/24/2017,6.55
8/25/2017,6.69
8/28/2017,6.7
8/29/2017,6.64
8/30/2017,6.62
8/31/2017,6.54
9/1/2017,6.43
9/4/2017,6.51
9/5/2017,7
9/6/2017,7.19
9/7/2017,7.4
9/8/2017,7.56
9/11/2017,7.37
9/12/2017,7.36
9/13/2017,7.6
9/14/2017,7.6
9/15/2017,7.44
9/18/2017,7.22
9/19/2017,7.52
9/20/2017,7.4
9/21/2017,7.05
9/22/2017,7.14
9/25/2017,7.78
9/26/2017,7.51
9/27/2017,7.46
9/28/2017,7.48
9/29/2017,7.59
10/2/2017,7.46
10/3/2017,7.52
10/4/2017,7.44
10/5/2017,7.42
10/6/2017,7.52
10/9/2017,7.48
10/10/2017,7.87
10/11/2017,7.85
10/12/2017,7.87
10/13/2017,7.78
10/16/2017,7.78
10/17/2017,7.84
10/18/2017,8.24
10/19/2017,8.08
10/20/2017,8
10/23/2017,7.87
10/24/2017,7.91
10/25/2017,7.84
10/26/2017,7.64
10/27/2017,7.61
10/30/2017,7.58
10/31/2017,7.81
11/1/2017,7.95
11/2/2017,8.1
11/3/2017,8.32
11/6/2017,8.36
11/7/2017,8.22
11/8/2017,8.18
11/9/2017,8.01
11/10/2017,7.86
11/13/2017,7.81
11/14/2017,7.85
11/15/2017,8.15
11/16/2017,7.95
11/17/2017,7.93
11/20/2017,7.9
11/21/2017,7.85
11/22/2017,7.83
11/23/2017,8.12
11/24/2017,8.21
11/27/2017,8.15
11/28/2017,8.04
11/29/2017,8.14
11/30/2017,7.97
12/1/2017,8.13
12/4/2017,8
12/5/2017,7.87
12/6/2017,7.72
12/7/2017,7.79
12/8/2017,7.58
12/11/2017,7.64
12/12/2017,7.61
12/13/2017,7.55
12/14/2017,7.56
12/15/2017,7.65
12/18/2017,7.86
12/19/2017,7.97
12/20/2017,8.24
12/21/2017,8.45
12/22/2017,8.62
12/27/2017,8.6
12/28/2017,8.64
12/29/2017,8.6
